cambio;fecha
6,925;07.06.2018
6,935;06.06.2018
6,935;05.06.2018
6,935;04.06.2018
6,935;01.06.2018
6,920;31.05.2018
6,935;30.05.2018
6,925;29.05.2018
6,935;28.05.2018
6,925;25.05.2018
6,935;24.05.2018
6,925;23.05.2018
6,935;22.05.2018
6,935;21.05.2018
6,935;18.05.2018
6,93;17.05.2018
6,935;16.05.2018
6,935;15.05.2018
6,935;14.05.2018
6,925;11.05.2018
6,935;10.05.2018
6,935;09.05.2018
6,935;08.05.2018
6,935;07.05.2018
6,935;04.05.2018
6,935;03.05.2018
6,935;02.05.2018
6,935;01.05.2018
6,935;30.04.2018
6,935;27.04.2018
6,925;26.04.2018
6,935;25.04.2018
6,935;24.04.2018
6,935;23.04.2018
6,935;20.04.2018
6,925;19.04.2018
6,935;18.04.2018
6,935;17.04.2018
6,935;16.04.2018
6,935;13.04.2018
6,925;12.04.2018
6,935;11.04.2018
6,925;10.04.2018
6,935;09.04.2018
6,935;06.04.2018
6,93;05.04.2018
6,935;04.04.2018
6,925;03.04.2018
6,935;02.04.2018
6,935;30.03.2018
6,935;29.03.2018
6,935;28.03.2018
6,935;27.03.2018
6,935;26.03.2018
6,925;23.03.2018
6,935;22.03.2018
6,925;21.03.2018
6,925;20.03.2018
6,935;19.03.2018
6,935;16.03.2018
6,925;15.03.2018
6,935;14.03.2018
6,935;13.03.2018
6,935;12.03.2018
6,935;09.03.2018
6,925;08.03.2018
6,935;07.03.2018
7;06.03.2018
7;05.03.2018
7;02.03.2018
7;01.03.2018
7;28.02.2018
6,935;27.02.2018
6,935;26.02.2018
7;23.02.2018
7;22.02.2018
7;21.02.2018
7;20.02.2018
7;19.02.2018
6,935;16.02.2018
6,935;15.02.2018
7;14.02.2018
7;13.02.2018
7;12.02.2018
7;09.02.2018
7;08.02.2018
6,935;07.02.2018
6,925;06.02.2018
7;05.02.2018
7;02.02.2018
7;01.02.2018
6,935;31.01.2018
6,935;30.01.2018
6,925;29.01.2018
6,935;26.01.2018
6,935;25.01.2018
6,935;24.01.2018
6,93;23.01.2018
6,935;22.01.2018
6,935;19.01.2018
6,935;18.01.2018
6,93;17.01.2018
6,935;16.01.2018
6,935;15.01.2018
6,935;12.01.2018
6,935;11.01.2018
6,935;10.01.2018
6,935;09.01.2018
6,935;08.01.2018
6,935;05.01.2018
6,935;04.01.2018
6,935;03.01.2018
6,935;02.01.2018
6,935;01.01.2018
6,935;29.12.2017
6,935;28.12.2017
6,935;27.12.2017
6,935;26.12.2017
6,935;25.12.2017
6,935;22.12.2017
6,93;21.12.2017
6,935;20.12.2017
6,935;19.12.2017
6,93;18.12.2017
6,935;15.12.2017
6,935;14.12.2017
6,935;13.12.2017
6,935;12.12.2017
6,935;11.12.2017
6,935;08.12.2017
6,935;07.12.2017
6,965;06.12.2017
6,935;05.12.2017
6,935;04.12.2017
6,935;01.12.2017
6,925;30.11.2017
6,965;29.11.2017
6,935;28.11.2017
6,935;27.11.2017
6,935;24.11.2017
6,965;23.11.2017
6,965;22.11.2017
6,965;21.11.2017
6,935;20.11.2017
6,935;17.11.2017
6,935;16.11.2017
6,97;15.11.2017
6,965;14.11.2017
6,93;13.11.2017
6,935;10.11.2017
6,93;09.11.2017
6,935;08.11.2017
6,93;07.11.2017
6,935;06.11.2017
6,935;03.11.2017
6,925;02.11.2017
6,935;01.11.2017
6,925;31.10.2017
6,925;30.10.2017
6,935;27.10.2017
6,935;26.10.2017
6,925;25.10.2017
6,94;24.10.2017
6,935;23.10.2017
6,935;20.10.2017
6,925;19.10.2017
6,935;18.10.2017
6,93;17.10.2017
6,935;16.10.2017
6,93;13.10.2017
6,935;12.10.2017
6,935;11.10.2017
6,925;10.10.2017
6,935;09.10.2017
6,925;06.10.2017
6,935;05.10.2017
6,93;04.10.2017
6,945;03.10.2017
6,935;02.10.2017
6,945;29.09.2017
6,965;28.09.2017
6,965;27.09.2017
6,955;26.09.2017
6,965;25.09.2017
6,965;22.09.2017
6,975;21.09.2017
6,975;20.09.2017
6,975;19.09.2017
6,965;18.09.2017
6,965;15.09.2017
6,965;14.09.2017
6,965;13.09.2017
6,965;12.09.2017
6,965;11.09.2017
6,975;08.09.2017
6,965;07.09.2017
6,965;06.09.2017
6,97;05.09.2017
6,975;04.09.2017
6,975;01.09.2017
6,965;31.08.2017
6,97;30.08.2017
6,975;29.08.2017
6,975;28.08.2017
6,97;25.08.2017
6,975;24.08.2017
6,965;23.08.2017
6,965;22.08.2017
6,97;21.08.2017
6,965;18.08.2017
6,965;17.08.2017
6,965;16.08.2017
6,975;15.08.2017
6,97;14.08.2017
6,975;11.08.2017
6,965;10.08.2017
6,955;09.08.2017
6,96;08.08.2017
6,975;07.08.2017
6,975;04.08.2017
6,97;03.08.2017
6,975;02.08.2017
6,975;01.08.2017
6,975;31.07.2017
6,975;28.07.2017
6,965;27.07.2017
6,965;26.07.2017
6,965;25.07.2017
6,965;24.07.2017
6,975;21.07.2017
6,965;20.07.2017
6,965;19.07.2017
6,975;18.07.2017
6,975;17.07.2017
6,965;14.07.2017
6,975;13.07.2017
6,975;12.07.2017
6,95;11.07.2017
6,96;10.07.2017
6,965;07.07.2017
6,975;06.07.2017
6,97;05.07.2017
6,965;04.07.2017
6,95;03.07.2017
6,975;30.06.2017
6,97;29.06.2017
6,94;28.06.2017
6,975;27.06.2017
6,97;26.06.2017
6,975;23.06.2017
6,965;22.06.2017
6,975;21.06.2017
6,975;20.06.2017
6,97;19.06.2017
6,975;16.06.2017
6,97;15.06.2017
6,975;14.06.2017
6,975;13.06.2017
6,97;12.06.2017
6,975;09.06.2017
6,975;08.06.2017
6,975;07.06.2017
6,975;06.06.2017
6,965;05.06.2017
6,96;02.06.2017
6,975;01.06.2017
6,975;31.05.2017
6,945;30.05.2017
6,975;29.05.2017
6,975;26.05.2017
6,975;25.05.2017
6,965;24.05.2017
6,97;23.05.2017
6,97;22.05.2017
6,965;19.05.2017
6,965;18.05.2017
6,975;17.05.2017
6,97;16.05.2017
6,975;15.05.2017
6,975;12.05.2017
6,975;11.05.2017
6,95;10.05.2017
6,975;09.05.2017
6,975;08.05.2017
6,965;05.05.2017
6,975;04.05.2017
6,97;03.05.2017
6,975;02.05.2017
6,965;01.05.2017
6,96;28.04.2017
6,945;27.04.2017
6,955;26.04.2017
6,93;25.04.2017
6,945;24.04.2017
6,945;21.04.2017
6,955;20.04.2017
6,95;19.04.2017
6,945;18.04.2017
6,95;17.04.2017
6,955;14.04.2017
6,945;13.04.2017
6,955;12.04.2017
6,955;11.04.2017
6,955;10.04.2017
6,955;07.04.2017
6,945;06.04.2017
6,955;05.04.2017
6,95;04.04.2017
6,955;03.04.2017
6,955;31.03.2017
6,955;30.03.2017
6,945;29.03.2017
6,945;28.03.2017
6,94;27.03.2017
6,955;24.03.2017
6,955;23.03.2017
6,945;22.03.2017
6,955;21.03.2017
6,955;20.03.2017
6,955;17.03.2017
6,945;16.03.2017
6,94;15.03.2017
6,945;14.03.2017
6,945;13.03.2017
6,945;10.03.2017
6,95;09.03.2017
6,955;08.03.2017
6,945;07.03.2017
6,95;06.03.2017
6,955;03.03.2017
6,935;02.03.2017
6,945;01.03.2017
6,945;28.02.2017
6,935;27.02.2017
6,935;24.02.2017
6,925;23.02.2017
6,93;22.02.2017
6,945;21.02.2017
6,945;20.02.2017
6,945;17.02.2017
6,935;16.02.2017
6,945;15.02.2017
6,93;14.02.2017
6,93;13.02.2017
6,935;10.02.2017
6,945;09.02.2017
6,92;08.02.2017
6,945;07.02.2017
6,93;06.02.2017
6,935;03.02.2017
6,93;02.02.2017
6,945;01.02.2017
6,935;31.01.2017
6,935;30.01.2017
6,935;27.01.2017
6,935;26.01.2017
6,935;25.01.2017
6,94;24.01.2017
6,93;23.01.2017
6,935;20.01.2017
6,935;19.01.2017
6,945;18.01.2017
6,935;17.01.2017
6,935;16.01.2017
6,935;13.01.2017
6,935;12.01.2017
6,935;11.01.2017
6,93;10.01.2017
6,94;09.01.2017
6,945;06.01.2017
6,945;05.01.2017
6,94;04.01.2017
6,93;03.01.2017
6,945;02.01.2017
6,935;30.12.2016
6,935;29.12.2016
6,935;28.12.2016
6,935;27.12.2016
6,935;26.12.2016
6,93;23.12.2016
6,945;22.12.2016
6,935;21.12.2016
6,935;20.12.2016
6,935;19.12.2016
6,935;16.12.2016
6,945;15.12.2016
6,955;14.12.2016
6,935;13.12.2016
6,935;12.12.2016
6,945;09.12.2016
6,945;08.12.2016
6,945;07.12.2016
6,945;06.12.2016
6,94;05.12.2016
6,945;02.12.2016
6,945;01.12.2016
6,94;30.11.2016
6,96;29.11.2016
6,945;28.11.2016
6,945;25.11.2016
6,935;24.11.2016
6,93;23.11.2016
6,935;22.11.2016
6,935;21.11.2016
6,925;18.11.2016
6,935;17.11.2016
6,945;16.11.2016
6,945;15.11.2016
6,94;14.11.2016
6,935;11.11.2016
6,93;10.11.2016
6,93;09.11.2016
6,935;08.11.2016
6,935;07.11.2016
6,93;04.11.2016
6,93;03.11.2016
6,935;02.11.2016
6,93;01.11.2016
6,945;31.10.2016
6,945;28.10.2016
6,945;27.10.2016
6,94;26.10.2016
6,935;25.10.2016
6,945;24.10.2016
6,945;21.10.2016
6,945;20.10.2016
6,93;19.10.2016
6,935;18.10.2016
6,945;17.10.2016
6,945;14.10.2016
6,94;13.10.2016
6,94;12.10.2016
6,945;11.10.2016
6,935;10.10.2016
6,945;07.10.2016
6,945;06.10.2016
6,945;05.10.2016
6,93;04.10.2016
6,955;03.10.2016
6,935;30.09.2016
6,925;29.09.2016
6,945;28.09.2016
6,945;27.09.2016
6,935;26.09.2016
6,945;23.09.2016
6,94;22.09.2016
6,94;21.09.2016
6,935;20.09.2016
6,945;19.09.2016
6,945;16.09.2016
6,945;15.09.2016
6,945;14.09.2016
6,945;13.09.2016
6,935;12.09.2016
6,945;09.09.2016
6,95;08.09.2016
6,945;07.09.2016
6,93;06.09.2016
6,945;05.09.2016
6,945;02.09.2016
6,93;01.09.2016
6,945;31.08.2016
6,945;30.08.2016
6,945;29.08.2016
6,945;26.08.2016
6,945;25.08.2016
6,93;24.08.2016
6,94;23.08.2016
6,935;22.08.2016
6,945;19.08.2016
6,945;18.08.2016
6,94;17.08.2016
6,945;16.08.2016
6,94;15.08.2016
6,93;12.08.2016
6,94;11.08.2016
6,945;10.08.2016
6,945;09.08.2016
6,935;08.08.2016
6,945;05.08.2016
6,935;04.08.2016
6,935;03.08.2016
6,925;02.08.2016
6,915;01.08.2016
6,945;29.07.2016
6,935;28.07.2016
6,945;27.07.2016
6,935;26.07.2016
6,945;25.07.2016
6,935;22.07.2016
6,94;21.07.2016
6,935;20.07.2016
6,925;19.07.2016
6,885;18.07.2016
6,885;15.07.2016
6,88;14.07.2016
6,875;13.07.2016
6,885;12.07.2016
6,885;11.07.2016
6,88;08.07.2016
6,89;07.07.2016
6,89;06.07.2016
6,885;05.07.2016
6,885;04.07.2016
6,885;01.07.2016
6,885;30.06.2016
6,885;29.06.2016
6,885;28.06.2016
6,885;27.06.2016
6,885;24.06.2016
6,885;23.06.2016
6,885;22.06.2016
6,885;21.06.2016
6,885;20.06.2016
6,885;17.06.2016
6,885;16.06.2016
6,87;15.06.2016
6,88;14.06.2016
6,885;13.06.2016
6,875;10.06.2016
6,88;09.06.2016
6,885;08.06.2016
6,875;07.06.2016
6,875;06.06.2016
6,885;03.06.2016
6,875;02.06.2016
6,89;01.06.2016
6,895;31.05.2016
6,885;30.05.2016
6,885;27.05.2016
6,885;26.05.2016
6,885;25.05.2016
6,88;24.05.2016
6,875;23.05.2016
6,885;20.05.2016
6,885;19.05.2016
6,885;18.05.2016
6,895;17.05.2016
6,895;16.05.2016
6,895;13.05.2016
6,895;12.05.2016
6,895;11.05.2016
6,89;10.05.2016
6,895;09.05.2016
6,905;06.05.2016
6,905;05.05.2016
6,915;04.05.2016
6,915;03.05.2016
6,915;02.05.2016
6,91;29.04.2016
6,915;28.04.2016
6,915;27.04.2016
6,915;26.04.2016
6,915;25.04.2016
6,915;22.04.2016
6,915;21.04.2016
6,915;20.04.2016
6,925;19.04.2016
6,925;18.04.2016
6,91;15.04.2016
6,76;14.04.2016
6,78;13.04.2016
6,78;12.04.2016
6,79;11.04.2016
6,79;08.04.2016
6,79;07.04.2016
6,79;06.04.2016
6,79;05.04.2016
6,82;04.04.2016
6,82;01.04.2016
6,82;31.03.2016
6,82;30.03.2016
6,825;29.03.2016
6,83;28.03.2016
6,83;25.03.2016
6,83;24.03.2016
6,83;23.03.2016
6,83;22.03.2016
6,83;21.03.2016
6,83;18.03.2016
6,83;17.03.2016
6,83;16.03.2016
6,83;15.03.2016
6,84;14.03.2016
6,84;11.03.2016
6,84;10.03.2016
6,84;09.03.2016
6,84;08.03.2016
6,835;07.03.2016
6,85;04.03.2016
6,85;03.03.2016
6,85;02.03.2016
6,85;01.03.2016
6,845;29.02.2016
6,87;26.02.2016
6,87;25.02.2016
6,87;24.02.2016
6,86;23.02.2016
6,885;22.02.2016
6,89;19.02.2016
6,89;18.02.2016
6,89;17.02.2016
6,89;16.02.2016
6,89;15.02.2016
6,89;12.02.2016
6,9;11.02.2016
6,9;10.02.2016
6,91;09.02.2016
6,91;08.02.2016
6,91;05.02.2016
6,91;04.02.2016
6,9;03.02.2016
6,91;02.02.2016
6,91;01.02.2016
6,9;29.01.2016
6,9;28.01.2016
6,9;27.01.2016
6,91;26.01.2016
6,9;25.01.2016
6,9;22.01.2016
6,9;21.01.2016
6,9;20.01.2016
6,91;19.01.2016
6,91;18.01.2016
6,91;15.01.2016
6,895;14.01.2016
6,9;13.01.2016
6,91;12.01.2016
6,975;11.01.2016
6,91;08.01.2016
6,9;07.01.2016
6,91;06.01.2016
6,91;05.01.2016
6,9;04.01.2016
6,91;01.01.2016
6,9;31.12.2015
6,9;30.12.2015
6,91;29.12.2015
6,9;28.12.2015
6,91;25.12.2015
6,91;24.12.2015
6,91;23.12.2015
6,91;22.12.2015
6,91;21.12.2015
6,9;18.12.2015
6,91;17.12.2015
6,91;16.12.2015
6,91;15.12.2015
6,9;14.12.2015
6,91;11.12.2015
6,91;10.12.2015
6,9;09.12.2015
6,9;08.12.2015
6,91;07.12.2015
6,91;04.12.2015
6,91;03.12.2015
6,9;02.12.2015
6,91;01.12.2015
6,91;30.11.2015
6,9;27.11.2015
6,9;26.11.2015
6,9;25.11.2015
6,91;24.11.2015
6,91;23.11.2015
6,91;20.11.2015
6,91;19.11.2015
6,9;18.11.2015
6,91;17.11.2015
6,91;16.11.2015
6,9;13.11.2015
6,9;12.11.2015
6,9;11.11.2015
6,91;10.11.2015
6,91;09.11.2015
6,91;06.11.2015
6,91;05.11.2015
6,9;04.11.2015
6,9;03.11.2015
6,9;02.11.2015
6,9;30.10.2015
6,9;29.10.2015
6,9;28.10.2015
6,91;27.10.2015
6,9;26.10.2015
6,91;23.10.2015
6,9;22.10.2015
6,91;21.10.2015
6,9;20.10.2015
6,91;19.10.2015
6,91;16.10.2015
6,9;15.10.2015
6,9;14.10.2015
6,91;13.10.2015
6,91;12.10.2015
6,91;09.10.2015
6,9;08.10.2015
6,9;07.10.2015
6,91;06.10.2015
6,91;05.10.2015
6,91;02.10.2015
6,9;01.10.2015
6,91;30.09.2015
6,9;29.09.2015
6,9;28.09.2015
6,9;25.09.2015
6,91;24.09.2015
6,9;23.09.2015
6,91;22.09.2015
6,9;21.09.2015
6,9;18.09.2015
6,91;17.09.2015
6,91;16.09.2015
6,9;15.09.2015
6,9;14.09.2015
6,91;11.09.2015
6,9;10.09.2015
6,91;09.09.2015
6,9;08.09.2015
6,9;07.09.2015
6,9;04.09.2015
6,91;03.09.2015
6,91;02.09.2015
6,9;01.09.2015
6,91;31.08.2015
6,9;28.08.2015
6,9;27.08.2015
6,89;26.08.2015
6,89;25.08.2015
6,89;24.08.2015
6,89;21.08.2015
6,89;20.08.2015
6,89;19.08.2015
6,89;18.08.2015
6,89;17.08.2015
6,89;14.08.2015
6,88;13.08.2015
6,88;12.08.2015
6,88;11.08.2015
6,88;10.08.2015
6,88;07.08.2015
6,89;06.08.2015
6,945;05.08.2015
6,89;04.08.2015
6,89;03.08.2015
6,9;31.07.2015
6,91;30.07.2015
6,9;29.07.2015
6,9;28.07.2015
6,89;27.07.2015
6,9;24.07.2015
6,9;23.07.2015
6,9;22.07.2015
6,89;21.07.2015
6,9;20.07.2015
6,9;17.07.2015
6,9;16.07.2015
6,89;15.07.2015
6,9;14.07.2015
6,9;13.07.2015
6,89;10.07.2015
6,89;09.07.2015
6,9;08.07.2015
6,9;07.07.2015
6,9;06.07.2015
6,9;03.07.2015
6,9;02.07.2015
6,9;01.07.2015
6,89;30.06.2015
6,9;29.06.2015
6,9;26.06.2015
6,9;25.06.2015
6,9;24.06.2015
6,9;23.06.2015
6,9;22.06.2015
6,89;19.06.2015
6,9;18.06.2015
6,9;17.06.2015
6,9;16.06.2015
6,89;15.06.2015
6,9;12.06.2015
6,9;11.06.2015
6,9;10.06.2015
6,9;09.06.2015
6,9;08.06.2015
6,91;05.06.2015
6,9;04.06.2015
6,9;03.06.2015
6,91;02.06.2015
6,91;01.06.2015
6,91;29.05.2015
6,9;28.05.2015
6,91;27.05.2015
6,9;26.05.2015
6,91;25.05.2015
6,91;22.05.2015
6,9;21.05.2015
6,91;20.05.2015
6,91;19.05.2015
6,9;18.05.2015
6,9;15.05.2015
6,91;14.05.2015
6,9;13.05.2015
6,91;12.05.2015
6,91;11.05.2015
6,91;08.05.2015
6,91;07.05.2015
6,9;06.05.2015
6,9;05.05.2015
6,9;04.05.2015
6,9;01.05.2015
6,9;30.04.2015
6,9;29.04.2015
6,91;28.04.2015
6,865;27.04.2015
6,9;24.04.2015
6,9;23.04.2015
6,9;22.04.2015
6,9;21.04.2015
6,9;20.04.2015
6,91;17.04.2015
6,91;16.04.2015
6,91;15.04.2015
6,91;14.04.2015
6,91;13.04.2015
6,91;10.04.2015
6,91;09.04.2015
6,9;08.04.2015
6,91;07.04.2015
6,91;06.04.2015
6,91;03.04.2015
6,9;02.04.2015
6,91;01.04.2015
6,9;31.03.2015
6,9;30.03.2015
6,91;27.03.2015
6,91;26.03.2015
6,91;25.03.2015
6,91;24.03.2015
6,91;23.03.2015
6,91;20.03.2015
6,91;19.03.2015
6,865;18.03.2015
6,9;17.03.2015
6,91;16.03.2015
6,91;13.03.2015
6,91;12.03.2015
6,91;11.03.2015
6,91;10.03.2015
6,91;09.03.2015
6,91;06.03.2015
6,91;05.03.2015
6,91;04.03.2015
6,91;03.03.2015
6,91;02.03.2015
6,91;27.02.2015
6,91;26.02.2015
6,91;25.02.2015
6,9;24.02.2015
6,91;23.02.2015
6,91;20.02.2015
6,91;19.02.2015
6,91;18.02.2015
6,91;17.02.2015
6,9;16.02.2015
6,9;13.02.2015
6,91;12.02.2015
6,91;11.02.2015
6,865;10.02.2015
6,91;09.02.2015
6,91;06.02.2015
6,91;05.02.2015
6,91;04.02.2015
6,91;03.02.2015
6,91;02.02.2015
6,91;30.01.2015
6,91;29.01.2015
6,91;28.01.2015
6,91;27.01.2015
6,91;26.01.2015
6,91;23.01.2015
6,91;22.01.2015
6,91;21.01.2015
6,91;20.01.2015
6,91;19.01.2015
6,91;16.01.2015
6,91;15.01.2015
6,91;14.01.2015
6,91;13.01.2015
6,91;12.01.2015
6,91;09.01.2015
6,91;08.01.2015
6,91;07.01.2015
6,91;06.01.2015
6,91;05.01.2015
6,91;02.01.2015
6,91;01.01.2015
6,91;31.12.2014
6,91;30.12.2014
6,91;29.12.2014
6,91;26.12.2014
6,91;25.12.2014
6,91;24.12.2014
6,91;23.12.2014
6,91;22.12.2014
6,91;19.12.2014
6,91;18.12.2014
6,91;17.12.2014
6,91;16.12.2014
6,91;15.12.2014
6,91;12.12.2014
6,91;11.12.2014
6,91;10.12.2014
6,91;09.12.2014
6,91;08.12.2014
6,91;05.12.2014
6,91;04.12.2014
6,91;03.12.2014
6,91;02.12.2014
6,91;01.12.2014
6,91;28.11.2014
6,91;27.11.2014
6,91;26.11.2014
6,91;25.11.2014
6,91;24.11.2014
6,91;21.11.2014
6,91;20.11.2014
6,91;19.11.2014
6,91;18.11.2014
6,91;17.11.2014
6,91;14.11.2014
6,91;13.11.2014
6,91;12.11.2014
6,91;11.11.2014
6,91;10.11.2014
6,91;07.11.2014
6,91;06.11.2014
6,91;05.11.2014
6,91;04.11.2014
6,91;03.11.2014
6,91;31.10.2014
6,91;30.10.2014
6,91;29.10.2014
6,91;28.10.2014
6,91;27.10.2014
6,91;24.10.2014
6,91;23.10.2014
6,91;22.10.2014
6,91;21.10.2014
6,91;20.10.2014
6,91;17.10.2014
6,91;16.10.2014
6,91;15.10.2014
6,91;14.10.2014
6,91;13.10.2014
6,91;10.10.2014
6,91;09.10.2014
6,91;08.10.2014
6,91;07.10.2014
6,91;06.10.2014
6,91;03.10.2014
6,91;02.10.2014
6,91;01.10.2014
6,91;30.09.2014
6,91;29.09.2014
6,91;26.09.2014
6,865;25.09.2014
6,91;24.09.2014
6,91;23.09.2014
6,91;22.09.2014
6,91;19.09.2014
6,91;18.09.2014
6,91;17.09.2014
6,91;16.09.2014
6,91;15.09.2014
6,91;12.09.2014
6,91;11.09.2014
6,91;10.09.2014
6,91;09.09.2014
6,91;08.09.2014
6,91;05.09.2014
6,91;04.09.2014
6,91;03.09.2014
6,91;02.09.2014
6,91;01.09.2014
6,91;29.08.2014
6,91;28.08.2014
6,865;27.08.2014
6,91;26.08.2014
6,91;25.08.2014
6,91;22.08.2014
6,91;21.08.2014
6,91;20.08.2014
6,91;19.08.2014
6,91;18.08.2014
6,91;15.08.2014
6,91;14.08.2014
6,91;13.08.2014
6,91;12.08.2014
6,91;11.08.2014
6,91;08.08.2014
6,91;07.08.2014
6,91;06.08.2014
6,91;05.08.2014
6,91;04.08.2014
6,91;01.08.2014
6,91;31.07.2014
6,91;30.07.2014
6,91;29.07.2014
6,91;28.07.2014
6,865;25.07.2014
6,91;24.07.2014
6,91;23.07.2014
6,91;22.07.2014
6,91;21.07.2014
6,91;18.07.2014
6,91;17.07.2014
6,91;16.07.2014
6,91;15.07.2014
6,91;14.07.2014
6,91;11.07.2014
6,91;10.07.2014
6,91;09.07.2014
6,91;08.07.2014
6,91;07.07.2014
6,91;04.07.2014
6,91;03.07.2014
6,91;02.07.2014
6,91;01.07.2014
6,91;30.06.2014
6,91;27.06.2014
6,91;26.06.2014
6,91;25.06.2014
6,91;24.06.2014
6,91;23.06.2014
6,91;20.06.2014
6,91;19.06.2014
6,91;18.06.2014
6,91;17.06.2014
6,91;16.06.2014
6,91;13.06.2014
6,91;12.06.2014
6,91;11.06.2014
6,91;10.06.2014
6,91;09.06.2014
6,91;06.06.2014
6,91;05.06.2014
6,91;04.06.2014
6,91;03.06.2014
6,91;02.06.2014
6,91;30.05.2014
6,91;29.05.2014
6,91;28.05.2014
6,91;27.05.2014
6,91;26.05.2014
6,91;23.05.2014
6,91;22.05.2014
6,91;21.05.2014
6,91;20.05.2014
6,91;19.05.2014
6,91;16.05.2014
6,91;15.05.2014
6,91;14.05.2014
6,91;13.05.2014
6,91;12.05.2014
6,91;09.05.2014
6,91;08.05.2014
6,91;07.05.2014
6,91;06.05.2014
6,91;05.05.2014
6,91;02.05.2014
6,91;01.05.2014
6,91;30.04.2014
6,91;29.04.2014
6,91;28.04.2014
6,91;25.04.2014
6,91;24.04.2014
6,91;23.04.2014
6,91;22.04.2014
6,91;21.04.2014
6,91;18.04.2014
6,91;17.04.2014
6,91;16.04.2014
6,91;15.04.2014
6,91;14.04.2014
6,91;11.04.2014
6,91;10.04.2014
6,91;09.04.2014
6,91;08.04.2014
6,91;07.04.2014
6,91;04.04.2014
6,91;03.04.2014
6,91;02.04.2014
6,91;01.04.2014
6,91;31.03.2014
6,91;28.03.2014
6,91;27.03.2014
6,91;26.03.2014
6,91;25.03.2014
6,91;24.03.2014
6,91;21.03.2014
6,91;20.03.2014
6,91;19.03.2014
6,91;18.03.2014
6,91;17.03.2014
6,91;14.03.2014
6,91;13.03.2014
6,91;12.03.2014
6,91;11.03.2014
6,91;10.03.2014
6,91;07.03.2014
6,91;06.03.2014
6,91;05.03.2014
6,91;04.03.2014
6,91;03.03.2014
6,91;28.02.2014
6,91;27.02.2014
6,91;26.02.2014
6,91;25.02.2014
6,91;24.02.2014
6,91;21.02.2014
6,91;20.02.2014
6,91;19.02.2014
6,91;18.02.2014
6,91;17.02.2014
6,91;14.02.2014
6,9;13.02.2014
6,91;12.02.2014
6,91;11.02.2014
6,91;10.02.2014
6,91;07.02.2014
6,91;06.02.2014
6,91;05.02.2014
6,91;04.02.2014
6,91;03.02.2014
6,91;31.01.2014
6,91;30.01.2014
6,91;29.01.2014
6,91;28.01.2014
6,91;27.01.2014
6,91;24.01.2014
6,91;23.01.2014
6,91;22.01.2014
6,91;21.01.2014
6,91;20.01.2014
6,91;17.01.2014
6,91;16.01.2014
6,91;15.01.2014
6,91;14.01.2014
6,91;13.01.2014
6,91;10.01.2014
6,91;09.01.2014
6,91;08.01.2014
6,91;07.01.2014
6,91;06.01.2014
6,91;03.01.2014
6,91;02.01.2014
6,91;01.01.2014
6,91;31.12.2013
6,91;30.12.2013
6,91;27.12.2013
6,91;26.12.2013
6,91;25.12.2013
6,91;24.12.2013
6,91;23.12.2013
6,91;20.12.2013
6,91;19.12.2013
6,91;18.12.2013
6,91;17.12.2013
6,91;16.12.2013
6,91;13.12.2013
6,91;12.12.2013
6,91;11.12.2013
6,91;10.12.2013
6,91;09.12.2013
6,91;06.12.2013
6,91;05.12.2013
6,91;04.12.2013
6,91;03.12.2013
6,91;02.12.2013
6,91;29.11.2013
6,91;28.11.2013
6,91;27.11.2013
6,91;26.11.2013
6,91;25.11.2013
6,91;22.11.2013
6,91;21.11.2013
6,91;20.11.2013
6,91;19.11.2013
6,91;18.11.2013
6,91;15.11.2013
6,91;14.11.2013
6,91;13.11.2013
6,91;12.11.2013
6,91;11.11.2013
6,91;08.11.2013
6,91;07.11.2013
6,91;06.11.2013
6,91;05.11.2013
6,91;04.11.2013
6,91;01.11.2013
6,91;31.10.2013
6,91;30.10.2013
6,91;29.10.2013
6,91;28.10.2013
6,91;25.10.2013
6,91;24.10.2013
6,91;23.10.2013
6,91;22.10.2013
6,91;21.10.2013
6,91;18.10.2013
6,91;17.10.2013
6,91;16.10.2013
6,91;15.10.2013
6,91;14.10.2013
6,91;11.10.2013
6,91;10.10.2013
6,91;09.10.2013
6,91;08.10.2013
6,91;07.10.2013
6,91;04.10.2013
6,91;03.10.2013
6,91;02.10.2013
6,91;01.10.2013
6,91;30.09.2013
6,91;27.09.2013
6,91;26.09.2013
6,91;25.09.2013
6,91;24.09.2013
6,91;23.09.2013
6,91;20.09.2013
6,91;19.09.2013
6,91;18.09.2013
6,91;17.09.2013
6,91;16.09.2013
6,91;13.09.2013
6,91;12.09.2013
6,91;11.09.2013
6,91;10.09.2013
6,91;09.09.2013
6,91;06.09.2013
6,91;05.09.2013
6,91;04.09.2013
6,91;03.09.2013
6,91;02.09.2013
6,91;30.08.2013
6,91;29.08.2013
6,91;28.08.2013
6,91;27.08.2013
6,91;26.08.2013
6,91;23.08.2013
6,91;22.08.2013
6,91;21.08.2013
6,91;20.08.2013
6,91;19.08.2013
6,91;16.08.2013
6,91;15.08.2013
6,91;14.08.2013
6,91;13.08.2013
6,91;12.08.2013
6,91;09.08.2013
6,91;08.08.2013
6,91;07.08.2013
6,91;06.08.2013
6,91;05.08.2013
6,91;02.08.2013
6,91;01.08.2013
6,91;31.07.2013
6,91;30.07.2013
6,91;29.07.2013
6,91;26.07.2013
6,91;25.07.2013
6,91;24.07.2013
6,91;23.07.2013
6,91;22.07.2013
6,91;19.07.2013
6,91;18.07.2013
6,91;17.07.2013
6,91;16.07.2013
6,91;15.07.2013
6,91;12.07.2013
6,91;11.07.2013
6,91;10.07.2013
6,91;09.07.2013
6,91;08.07.2013
6,91;05.07.2013
6,91;04.07.2013
6,91;03.07.2013
6,91;02.07.2013
6,91;01.07.2013
6,91;28.06.2013
6,91;27.06.2013
6,91;26.06.2013
6,91;25.06.2013
6,91;24.06.2013
6,91;21.06.2013
6,91;20.06.2013
6,91;19.06.2013
6,91;18.06.2013
6,91;17.06.2013
7,01;14.06.2013
7,01;13.06.2013
7,01;12.06.2013
7,01;11.06.2013
7,01;10.06.2013
7,01;07.06.2013
7,01;06.06.2013
7;05.06.2013
7,01;04.06.2013
7,01;03.06.2013
7,01;31.05.2013
7,01;30.05.2013
7,01;29.05.2013
7,01;28.05.2013
7,01;27.05.2013
7,01;24.05.2013
7,01;23.05.2013
7,01;22.05.2013
7;21.05.2013
7,01;20.05.2013
7,01;17.05.2013
7,01;16.05.2013
7,01;15.05.2013
7;14.05.2013
7;13.05.2013
7,01;10.05.2013
7,01;09.05.2013
7,01;08.05.2013
7,01;07.05.2013
7;06.05.2013
7;03.05.2013
7,01;02.05.2013
7,01;01.05.2013
7,01;30.04.2013
7,01;29.04.2013
7,01;26.04.2013
7,01;25.04.2013
7,01;24.04.2013
7,01;23.04.2013
7,01;22.04.2013
7,01;19.04.2013
7,01;18.04.2013
7,01;17.04.2013
7,01;16.04.2013
7,01;15.04.2013
7,01;12.04.2013
7,01;11.04.2013
7,01;10.04.2013
7,01;09.04.2013
7,01;08.04.2013
7,01;05.04.2013
7,01;04.04.2013
7,01;03.04.2013
7,01;02.04.2013
7,01;01.04.2013
7,01;29.03.2013
7,01;28.03.2013
7,01;27.03.2013
7,01;26.03.2013
7,01;25.03.2013
7,01;22.03.2013
7,01;21.03.2013
7,01;20.03.2013
7,01;19.03.2013
7,01;18.03.2013
7,01;15.03.2013
7,01;14.03.2013
7,01;13.03.2013
7,01;12.03.2013
7,01;11.03.2013
7,01;08.03.2013
7,01;07.03.2013
7,01;06.03.2013
7,01;05.03.2013
7,01;04.03.2013
7,01;01.03.2013
7,01;28.02.2013
7,01;27.02.2013
7,01;26.02.2013
7,01;25.02.2013
7,01;22.02.2013
7,01;21.02.2013
7,01;20.02.2013
7,01;19.02.2013
7,01;18.02.2013
7,01;15.02.2013
7,01;14.02.2013
7,01;13.02.2013
7,01;12.02.2013
7,01;11.02.2013
7,01;08.02.2013
7,01;07.02.2013
7,01;06.02.2013
7,01;05.02.2013
7,01;04.02.2013
7,01;01.02.2013
7,01;31.01.2013
7,01;30.01.2013
7,01;29.01.2013
7,01;28.01.2013
7,01;25.01.2013
7,01;24.01.2013
7,01;23.01.2013
7,01;22.01.2013
7,01;21.01.2013
7,01;18.01.2013
7,01;17.01.2013
7,01;16.01.2013
6,945;15.01.2013
7,01;14.01.2013
7,01;11.01.2013
7,01;10.01.2013
7,01;09.01.2013
7,01;08.01.2013
7,01;07.01.2013
7,01;04.01.2013
7,01;03.01.2013
7,01;02.01.2013
7,01;01.01.2013
7,01;31.12.2012
7,01;28.12.2012
7,01;27.12.2012
7,01;26.12.2012
7,01;25.12.2012
7,01;24.12.2012
7,01;21.12.2012
7,01;20.12.2012
7,01;19.12.2012
7,01;18.12.2012
7,01;17.12.2012
7,01;14.12.2012
7,01;13.12.2012
7,01;12.12.2012
7,01;11.12.2012
7,01;10.12.2012
7,01;07.12.2012
7,01;06.12.2012
7,01;05.12.2012
7,01;04.12.2012
7,01;03.12.2012
7,01;30.11.2012
7,01;29.11.2012
7,01;28.11.2012
7,01;27.11.2012
7,01;26.11.2012
7,01;23.11.2012
7,01;22.11.2012
7,01;21.11.2012
7,01;20.11.2012
7,01;19.11.2012
7,01;16.11.2012
7,01;15.11.2012
7,01;14.11.2012
7,01;13.11.2012
7,01;12.11.2012
7,01;09.11.2012
7,01;08.11.2012
7,01;07.11.2012
7,01;06.11.2012
7,01;05.11.2012
7,01;02.11.2012
7,01;01.11.2012
7,01;31.10.2012
7,01;30.10.2012
7,01;29.10.2012
7,01;26.10.2012
7,01;25.10.2012
7,01;24.10.2012
7,01;23.10.2012
7,01;22.10.2012
7,01;19.10.2012
7,01;18.10.2012
7,01;17.10.2012
7,01;16.10.2012
7,01;15.10.2012
7,01;12.10.2012
7,01;11.10.2012
7,01;10.10.2012
7,01;09.10.2012
7,01;08.10.2012
7,01;05.10.2012
7,01;04.10.2012
7,01;03.10.2012
7,01;02.10.2012
7,01;01.10.2012
7,01;28.09.2012
7,01;27.09.2012
7,01;26.09.2012
7,01;25.09.2012
7,01;24.09.2012
7,01;21.09.2012
7,01;20.09.2012
7,01;19.09.2012
7,01;18.09.2012
7,01;17.09.2012
7,01;14.09.2012
7,01;13.09.2012
7,01;12.09.2012
7,01;11.09.2012
7,01;10.09.2012
7,01;07.09.2012
7,01;06.09.2012
7,01;05.09.2012
7,01;04.09.2012
7,01;03.09.2012
6,99;31.08.2012
7,01;30.08.2012
7,01;29.08.2012
7,01;28.08.2012
7,01;27.08.2012
7,01;24.08.2012
7,01;23.08.2012
7,01;22.08.2012
7,01;21.08.2012
7,01;20.08.2012
7,01;17.08.2012
7,01;16.08.2012
7,01;15.08.2012
7,01;14.08.2012
7,01;13.08.2012
7,01;10.08.2012
7,01;09.08.2012
7,01;08.08.2012
7,01;07.08.2012
7,01;06.08.2012
7,01;03.08.2012
7,01;02.08.2012
7,01;01.08.2012
6,99;31.07.2012
7;30.07.2012
7,01;27.07.2012
7,01;26.07.2012
7,01;25.07.2012
7,01;24.07.2012
7,01;23.07.2012
7,01;20.07.2012
7,01;19.07.2012
7,01;18.07.2012
7,01;17.07.2012
7,01;16.07.2012
7,01;13.07.2012
7,01;12.07.2012
7,01;11.07.2012
7,01;10.07.2012
7,01;09.07.2012
7,01;06.07.2012
7,01;05.07.2012
7,01;04.07.2012
7,01;03.07.2012
7,01;02.07.2012
7,01;29.06.2012
7,01;28.06.2012
7,01;27.06.2012
7,01;26.06.2012
7,01;25.06.2012
7,01;22.06.2012
7,01;21.06.2012
7,01;20.06.2012
7,01;19.06.2012
7,01;18.06.2012
7,01;15.06.2012
7,01;14.06.2012
7,01;13.06.2012
7,01;12.06.2012
7,01;11.06.2012
7,01;08.06.2012
7,01;07.06.2012
7,01;06.06.2012
7,01;05.06.2012
7,01;04.06.2012
7,01;01.06.2012
7,01;31.05.2012
7,01;30.05.2012
7,01;29.05.2012
7,01;28.05.2012
7,01;25.05.2012
7,01;24.05.2012
7,01;23.05.2012
7,01;22.05.2012
7,01;21.05.2012
7,01;18.05.2012
7,01;17.05.2012
7,01;16.05.2012
7,01;15.05.2012
7,01;14.05.2012
7,01;11.05.2012
7,01;10.05.2012
7,01;09.05.2012
7,01;08.05.2012
7,01;07.05.2012
7,01;04.05.2012
7,01;03.05.2012
7,01;02.05.2012
7,01;01.05.2012
7,01;30.04.2012
7,01;27.04.2012
7,01;26.04.2012
7,01;25.04.2012
7,01;24.04.2012
7,01;23.04.2012
7,01;20.04.2012
7,01;19.04.2012
7,01;18.04.2012
7,01;17.04.2012
7,01;16.04.2012
7,01;13.04.2012
7,01;12.04.2012
7,01;11.04.2012
7,01;10.04.2012
7,01;09.04.2012
7,01;06.04.2012
7,01;05.04.2012
7,01;04.04.2012
7,01;03.04.2012
7,01;02.04.2012
7,01;30.03.2012
6,88;29.03.2012
6,91;28.03.2012
6,91;27.03.2012
6,91;26.03.2012
6,91;23.03.2012
6,91;22.03.2012
6,91;21.03.2012
6,91;20.03.2012
6,91;19.03.2012
6,91;16.03.2012
6,91;15.03.2012
6,91;14.03.2012
6,91;13.03.2012
6,91;12.03.2012
6,91;09.03.2012
6,91;08.03.2012
6,91;07.03.2012
6,91;06.03.2012
6,91;05.03.2012
6,91;02.03.2012
6,91;01.03.2012
6,91;29.02.2012
6,91;28.02.2012
6,91;27.02.2012
6,91;24.02.2012
6,91;23.02.2012
6,91;22.02.2012
6,91;21.02.2012
6,91;20.02.2012
6,89;17.02.2012
6,91;16.02.2012
6,91;15.02.2012
6,91;14.02.2012
6,91;13.02.2012
6,91;10.02.2012
6,91;09.02.2012
6,91;08.02.2012
6,91;07.02.2012
6,91;06.02.2012
6,91;03.02.2012
6,91;02.02.2012
6,91;01.02.2012
6,91;31.01.2012
6,91;30.01.2012
6,91;27.01.2012
6,91;26.01.2012
6,91;25.01.2012
6,91;24.01.2012
6,91;23.01.2012
6,91;20.01.2012
6,91;19.01.2012
6,91;18.01.2012
6,91;17.01.2012
6,91;16.01.2012
6,91;13.01.2012
6,91;12.01.2012
6,91;11.01.2012
6,91;10.01.2012
6,91;09.01.2012
6,91;06.01.2012
6,91;05.01.2012
6,91;04.01.2012
6,91;03.01.2012
6,91;02.01.2012
6,91;30.12.2011
6,91;29.12.2011
6,91;28.12.2011
6,91;27.12.2011
6,91;26.12.2011
6,91;23.12.2011
6,91;22.12.2011
6,91;21.12.2011
6,91;20.12.2011
6,91;19.12.2011
6,91;16.12.2011
6,91;15.12.2011
6,91;14.12.2011
6,91;13.12.2011
6,91;12.12.2011
6,91;09.12.2011
6,91;08.12.2011
6,91;07.12.2011
6,91;06.12.2011
6,91;05.12.2011
6,91;02.12.2011
6,91;01.12.2011
6,91;30.11.2011
6,91;29.11.2011
6,91;28.11.2011
6,91;25.11.2011
7,01;24.11.2011
6,91;23.11.2011
6,91;22.11.2011
6,88;21.11.2011
7,01;18.11.2011
7,01;17.11.2011
7,01;16.11.2011
7,01;15.11.2011
7,01;14.11.2011
7,01;11.11.2011
7,01;10.11.2011
7,01;09.11.2011
7,01;08.11.2011
7,01;07.11.2011
7,01;04.11.2011
7,01;03.11.2011
7,01;02.11.2011
7,01;01.11.2011
7,01;31.10.2011
7,01;28.10.2011
7,01;27.10.2011
7,01;26.10.2011
7,01;25.10.2011
7,01;24.10.2011
7,01;21.10.2011
7,01;20.10.2011
7,01;19.10.2011
7,01;18.10.2011
7,01;17.10.2011
7,01;14.10.2011
7,01;13.10.2011
7,01;12.10.2011
7,01;11.10.2011
7,01;10.10.2011
7,01;07.10.2011
7,01;06.10.2011
7,01;05.10.2011
7,01;04.10.2011
7,01;03.10.2011
7,01;30.09.2011
7,01;29.09.2011
7,01;28.09.2011
7,01;27.09.2011
7,01;26.09.2011
7,01;23.09.2011
7,01;22.09.2011
7,01;21.09.2011
7,01;20.09.2011
7,01;19.09.2011
7,01;16.09.2011
7,01;15.09.2011
7,01;14.09.2011
7,01;13.09.2011
7,01;12.09.2011
7,01;09.09.2011
7,01;08.09.2011
7,01;07.09.2011
7,01;06.09.2011
7,01;05.09.2011
7,01;02.09.2011
7,01;01.09.2011
7,01;31.08.2011
7,01;30.08.2011
7,01;29.08.2011
7,01;26.08.2011
7,01;25.08.2011
7,01;24.08.2011
7,01;23.08.2011
7,01;22.08.2011
7,01;19.08.2011
7,01;18.08.2011
7,01;17.08.2011
7,01;16.08.2011
7,01;15.08.2011
7,01;12.08.2011
7,01;11.08.2011
7,01;10.08.2011
7,01;09.08.2011
7,01;08.08.2011
7,01;05.08.2011
7,01;04.08.2011
7,01;03.08.2011
7,01;02.08.2011
7,01;01.08.2011
7,01;29.07.2011
7,01;28.07.2011
7,01;27.07.2011
7,01;26.07.2011
7,01;25.07.2011
7,01;22.07.2011
7,01;21.07.2011
7,01;20.07.2011
7,01;19.07.2011
7,01;18.07.2011
7,01;15.07.2011
7,01;14.07.2011
7,01;13.07.2011
7,01;12.07.2011
7,01;11.07.2011
7,01;08.07.2011
7,01;07.07.2011
7,01;06.07.2011
7,01;05.07.2011
7,01;04.07.2011
7,01;01.07.2011
7,01;30.06.2011
7,01;29.06.2011
7,01;28.06.2011
7,01;27.06.2011
7,01;24.06.2011
7,01;23.06.2011
7,01;22.06.2011
7,01;21.06.2011
7,01;20.06.2011
7,01;17.06.2011
7,01;16.06.2011
7,01;15.06.2011
7,01;14.06.2011
7,01;13.06.2011
7,01;10.06.2011
7,01;09.06.2011
7,01;08.06.2011
7,01;07.06.2011
7,01;06.06.2011
7,01;03.06.2011
7,01;02.06.2011
7,01;01.06.2011
7,01;31.05.2011
7,01;30.05.2011
7,01;27.05.2011
7,01;26.05.2011
7,01;25.05.2011
7,01;24.05.2011
7,01;23.05.2011
7,01;20.05.2011
7,01;19.05.2011
7,01;18.05.2011
7,01;17.05.2011
7,01;16.05.2011
7,01;13.05.2011
7,01;12.05.2011
7,01;11.05.2011
7,01;10.05.2011
7,01;09.05.2011
7,01;06.05.2011
7,01;05.05.2011
7,01;04.05.2011
7,01;03.05.2011
7,01;02.05.2011
7,01;29.04.2011
7,01;28.04.2011
7,01;27.04.2011
7,01;26.04.2011
7,01;25.04.2011
7,01;22.04.2011
7,01;21.04.2011
7,01;20.04.2011
7,01;19.04.2011
7,01;18.04.2011
7,01;15.04.2011
7,01;14.04.2011
7,01;13.04.2011
7,01;12.04.2011
7,01;11.04.2011
7,01;08.04.2011
7,01;07.04.2011
7,01;06.04.2011
7,01;05.04.2011
7,01;04.04.2011
7,01;01.04.2011
7,01;31.03.2011
7,01;30.03.2011
7,01;29.03.2011
7,01;28.03.2011
7,01;25.03.2011
7,01;24.03.2011
7,01;23.03.2011
7,01;22.03.2011
7,01;21.03.2011
7,01;18.03.2011
7,01;17.03.2011
7,01;16.03.2011
7,01;15.03.2011
7,01;14.03.2011
7,01;11.03.2011
7,01;10.03.2011
7,01;09.03.2011
7,01;08.03.2011
7,01;07.03.2011
7,01;04.03.2011
7,01;03.03.2011
7,01;02.03.2011
7,01;01.03.2011
7,01;28.02.2011
7,01;25.02.2011
7,01;24.02.2011
7,01;23.02.2011
7,01;22.02.2011
7,01;21.02.2011
7,01;18.02.2011
7,01;17.02.2011
7,01;16.02.2011
7,01;15.02.2011
7,01;14.02.2011
7,01;11.02.2011
7,01;10.02.2011
7,01;09.02.2011
7,01;08.02.2011
7,01;07.02.2011
7,01;04.02.2011
7,01;03.02.2011
7,01;02.02.2011
7,01;01.02.2011
7,01;31.01.2011
7,01;28.01.2011
7,01;27.01.2011
7,01;26.01.2011
7,01;25.01.2011
7,01;24.01.2011
7,01;21.01.2011
7,01;20.01.2011
7,01;19.01.2011
7,01;18.01.2011
7,01;17.01.2011
7,01;14.01.2011
7,01;13.01.2011
7,01;12.01.2011
7,01;11.01.2011
7,01;10.01.2011
7,01;07.01.2011
7,01;06.01.2011
7,01;05.01.2011
7,01;04.01.2011
7,01;03.01.2011
7,01;31.12.2010
7,01;30.12.2010
7,01;29.12.2010
7,01;28.12.2010
7,01;27.12.2010
7,01;24.12.2010
7,01;23.12.2010
7,01;22.12.2010
7,01;21.12.2010
7,01;20.12.2010
7,01;17.12.2010
7,01;16.12.2010
7,01;15.12.2010
7,01;14.12.2010
7,01;13.12.2010
7,01;10.12.2010
7,01;09.12.2010
7,01;08.12.2010
7,01;07.12.2010
7,01;06.12.2010
7,01;03.12.2010
7,01;02.12.2010
7,01;01.12.2010
7,01;30.11.2010
7,01;29.11.2010
7,02;26.11.2010
7,02;25.11.2010
7,02;24.11.2010
7,02;23.11.2010
7,02;22.11.2010
7,02;19.11.2010
7,02;18.11.2010
7,02;17.11.2010
7,02;16.11.2010
7,02;15.11.2010
7,02;12.11.2010
7,02;11.11.2010
7,02;10.11.2010
7,02;09.11.2010
7,02;08.11.2010
7,02;05.11.2010
7,02;04.11.2010
7,02;03.11.2010
7,02;02.11.2010
7,02;01.11.2010
7,02;29.10.2010
7,02;28.10.2010
7,02;27.10.2010
7,02;26.10.2010
7,02;25.10.2010
7,02;22.10.2010
7,02;21.10.2010
7,02;20.10.2010
7,02;19.10.2010
7,02;18.10.2010
7,02;15.10.2010
7,02;14.10.2010
7,02;13.10.2010
7,02;12.10.2010
7,02;11.10.2010
7,02;08.10.2010
7,02;07.10.2010
7,02;06.10.2010
7,02;05.10.2010
7,02;04.10.2010
7,02;01.10.2010
7,02;30.09.2010
7,02;29.09.2010
7,02;28.09.2010
7,02;27.09.2010
7,02;24.09.2010
7,02;23.09.2010
7,02;22.09.2010
7,02;21.09.2010
7,02;20.09.2010
7,02;17.09.2010
7,02;16.09.2010
7,02;15.09.2010
7,02;14.09.2010
7,02;13.09.2010
7,02;10.09.2010
7,02;09.09.2010
7,02;08.09.2010
7,02;07.09.2010
7,02;06.09.2010
7,02;03.09.2010
7,02;02.09.2010
7,02;01.09.2010
7,02;31.08.2010
7,02;30.08.2010
7,02;27.08.2010
7,02;26.08.2010
7,02;25.08.2010
7,02;24.08.2010
7,02;23.08.2010
7,02;20.08.2010
7,02;19.08.2010
7,02;18.08.2010
7,02;17.08.2010
7,02;16.08.2010
7,02;13.08.2010
7,02;12.08.2010
7,02;11.08.2010
7,02;10.08.2010
7,02;09.08.2010
7,02;06.08.2010
7,02;05.08.2010
7,02;04.08.2010
7,02;03.08.2010
7,02;02.08.2010
7,02;30.07.2010
7,02;29.07.2010
7,02;28.07.2010
7,02;27.07.2010
7,02;26.07.2010
7,02;23.07.2010
7,02;22.07.2010
7,02;21.07.2010
7,02;20.07.2010
7,02;19.07.2010
7,02;16.07.2010
7,02;15.07.2010
7,02;14.07.2010
7,02;13.07.2010
7,02;12.07.2010
7,02;09.07.2010
7,02;08.07.2010
7,02;07.07.2010
7,02;06.07.2010
7,02;05.07.2010
7,02;02.07.2010
7,02;01.07.2010
7,02;30.06.2010
7,02;29.06.2010
7,02;28.06.2010
7,02;25.06.2010
7,02;24.06.2010
7,02;23.06.2010
7,02;22.06.2010
7,02;21.06.2010
7,02;18.06.2010
7,02;17.06.2010
7,02;16.06.2010
7,02;15.06.2010
7,02;14.06.2010
7,02;11.06.2010
7,02;10.06.2010
7,02;09.06.2010
7,02;08.06.2010
7,02;07.06.2010
7,02;04.06.2010
7,02;03.06.2010
7,02;02.06.2010
7,02;01.06.2010
7,02;31.05.2010
7,02;28.05.2010
7,02;27.05.2010
7,02;26.05.2010
7,02;25.05.2010
7,02;24.05.2010
7,02;21.05.2010
7,02;20.05.2010
7,02;19.05.2010
7,02;18.05.2010
7,02;17.05.2010
7,02;14.05.2010
7,02;13.05.2010
7,02;12.05.2010
7,02;11.05.2010
7,02;10.05.2010
7,02;07.05.2010
7,02;06.05.2010
7,02;05.05.2010
7,02;04.05.2010
7,02;03.05.2010
7,02;30.04.2010
7,02;29.04.2010
7,02;28.04.2010
7,02;27.04.2010
7,02;26.04.2010
7,02;23.04.2010
7,02;22.04.2010
7,02;21.04.2010
7,02;20.04.2010
7,02;19.04.2010
7,02;16.04.2010
7,02;15.04.2010
7,02;14.04.2010
7,02;13.04.2010
7,02;12.04.2010
7,02;09.04.2010
7,02;08.04.2010
7,02;07.04.2010
7,02;06.04.2010
7,02;05.04.2010
7,02;02.04.2010
7,02;01.04.2010
7,02;31.03.2010
7,02;30.03.2010
7,02;29.03.2010
7,02;26.03.2010
7,02;25.03.2010
7,02;24.03.2010
7,02;23.03.2010
7,02;22.03.2010
7,02;19.03.2010
7,02;18.03.2010
7,02;17.03.2010
7,02;16.03.2010
7,02;15.03.2010
7,02;12.03.2010
7,02;11.03.2010
7,02;10.03.2010
7,02;09.03.2010
7,02;08.03.2010
7,02;05.03.2010
7,02;04.03.2010
7,02;03.03.2010
7,02;02.03.2010
7,02;01.03.2010
7,02;26.02.2010
7,02;25.02.2010
7,02;24.02.2010
7,02;23.02.2010
7,02;22.02.2010
7,02;19.02.2010
7,02;18.02.2010
7,02;17.02.2010
7,02;16.02.2010
7,02;15.02.2010
7,02;12.02.2010
7,02;11.02.2010
7,02;10.02.2010
7,02;09.02.2010
7,02;08.02.2010
7,02;05.02.2010
7,02;04.02.2010
7,02;03.02.2010
7,02;02.02.2010
7,02;01.02.2010
7,02;29.01.2010
7,02;28.01.2010
7,02;27.01.2010
7,02;26.01.2010
7,02;25.01.2010
7,02;22.01.2010
7,02;21.01.2010
7,02;20.01.2010
7,02;19.01.2010
7,02;18.01.2010
7,02;15.01.2010
7,02;14.01.2010
7,02;13.01.2010
7,02;12.01.2010
7,02;11.01.2010
7,02;08.01.2010
7,02;07.01.2010
7,02;06.01.2010
7,02;05.01.2010
7,02;04.01.2010
7,02;01.01.2010
7,02;31.12.2009
7,02;30.12.2009
7,02;29.12.2009
7,02;28.12.2009
7,02;25.12.2009
7,02;24.12.2009
7,02;23.12.2009
7,02;22.12.2009
7,02;21.12.2009
7,02;18.12.2009
7,02;17.12.2009
7,02;16.12.2009
7,02;15.12.2009
7,02;14.12.2009
7,02;11.12.2009
7,02;10.12.2009
7,02;09.12.2009
7,02;08.12.2009
7,02;07.12.2009
7,02;04.12.2009
7,02;03.12.2009
7,02;02.12.2009
7,02;01.12.2009
7,02;30.11.2009
7,02;27.11.2009
7,02;26.11.2009
7,02;25.11.2009
7,02;24.11.2009
7,02;23.11.2009
7,02;20.11.2009
7,02;19.11.2009
7,02;18.11.2009
7,02;17.11.2009
7,02;16.11.2009
7,02;13.11.2009
7,02;12.11.2009
7,02;11.11.2009
7,02;10.11.2009
7,02;09.11.2009
7,02;06.11.2009
7,02;05.11.2009
7,02;04.11.2009
7,02;03.11.2009
7,02;02.11.2009
7,02;30.10.2009
7,02;29.10.2009
7,02;28.10.2009
7,02;27.10.2009
7,02;26.10.2009
7,02;23.10.2009
7,02;22.10.2009
7,02;21.10.2009
7,02;20.10.2009
7,02;19.10.2009
7,02;16.10.2009
7,02;15.10.2009
7,02;14.10.2009
7,02;13.10.2009
7,02;12.10.2009
7,02;09.10.2009
7,02;08.10.2009
7,02;07.10.2009
7,02;06.10.2009
7,02;05.10.2009
7,02;02.10.2009
7,02;01.10.2009
7,02;30.09.2009
7,02;29.09.2009
7,02;28.09.2009
7,02;25.09.2009
7,02;24.09.2009
7,02;23.09.2009
7,02;22.09.2009
7,02;21.09.2009
7,02;18.09.2009
7,02;17.09.2009
7,02;16.09.2009
7,02;15.09.2009
7,02;14.09.2009
7,02;11.09.2009
7,02;10.09.2009
7,02;09.09.2009
7,02;08.09.2009
7,02;07.09.2009
7,02;04.09.2009
7,02;03.09.2009
7,02;02.09.2009
7,02;01.09.2009
7,02;31.08.2009
7,02;28.08.2009
7,02;27.08.2009
7,02;26.08.2009
7,02;25.08.2009
7,02;24.08.2009
7,02;21.08.2009
7,02;20.08.2009
7,02;19.08.2009
7,02;18.08.2009
7,02;17.08.2009
7,02;14.08.2009
7,02;13.08.2009
7,02;12.08.2009
7,02;11.08.2009
7,01;10.08.2009
7,02;07.08.2009
7,02;06.08.2009
7,02;05.08.2009
7,02;04.08.2009
7,02;03.08.2009
7,02;31.07.2009
7,02;30.07.2009
7,02;29.07.2009
7,02;28.07.2009
7,02;27.07.2009
7,02;24.07.2009
7,02;23.07.2009
7,02;22.07.2009
7,02;21.07.2009
7,02;20.07.2009
7,02;17.07.2009
7,02;16.07.2009
7,02;15.07.2009
7,02;14.07.2009
7,02;13.07.2009
7,02;10.07.2009
7,02;09.07.2009
7,02;08.07.2009
7,02;07.07.2009
7,03;06.07.2009
7,02;03.07.2009
7,02;02.07.2009
7,02;01.07.2009
7,02;30.06.2009
7,02;29.06.2009
7,02;26.06.2009
7,02;25.06.2009
7,02;24.06.2009
7,02;23.06.2009
7,02;22.06.2009
7,02;19.06.2009
7,02;18.06.2009
7,02;17.06.2009
7,02;16.06.2009
7,02;15.06.2009
7,02;12.06.2009
7,035;11.06.2009
7,03;10.06.2009
7,03;09.06.2009
7,03;08.06.2009
7,03;05.06.2009
7,03;04.06.2009
7,02;03.06.2009
7,02;02.06.2009
7,03;01.06.2009
7,02;29.05.2009
7,03;28.05.2009
7,02;27.05.2009
7;26.05.2009
7,02;25.05.2009
7,02;22.05.2009
7,02;21.05.2009
7,02;20.05.2009
7,02;19.05.2009
7,02;18.05.2009
7,02;15.05.2009
7,03;14.05.2009
7,03;13.05.2009
7,02;12.05.2009
7,02;11.05.2009
7,02;08.05.2009
7,02;07.05.2009
7,03;06.05.2009
7,02;05.05.2009
7,02;04.05.2009
7,01;01.05.2009
7,01;30.04.2009
7,02;29.04.2009
7,01;28.04.2009
7,015;27.04.2009
7,02;24.04.2009
7,01;23.04.2009
7,02;22.04.2009
7,02;21.04.2009
7,02;20.04.2009
7,015;17.04.2009
7,02;16.04.2009
7,02;15.04.2009
7,04;14.04.2009
7,025;13.04.2009
7,02;10.04.2009
7,025;09.04.2009
7,04;08.04.2009
7,04;07.04.2009
7,02;06.04.2009
7,04;03.04.2009
7,02;02.04.2009
7,025;01.04.2009
7,02;31.03.2009
7,025;30.03.2009
7,02;27.03.2009
7,02;26.03.2009
7,02;25.03.2009
7,01;24.03.2009
7,01;23.03.2009
7,005;20.03.2009
7,01;19.03.2009
6,98;18.03.2009
7,02;17.03.2009
7,02;16.03.2009
7,02;13.03.2009
7,02;12.03.2009
7,02;11.03.2009
7,02;10.03.2009
7,02;09.03.2009
7,04;06.03.2009
7,02;05.03.2009
7,02;04.03.2009
7,01;03.03.2009
7,05;02.03.2009
7,05;27.02.2009
7,02;26.02.2009
7,02;25.02.2009
7,02;24.02.2009
7,03;23.02.2009
7,03;20.02.2009
7,03;19.02.2009
7,02;18.02.2009
7,02;17.02.2009
7,02;16.02.2009
7,05;13.02.2009
7,04;12.02.2009
7,02;11.02.2009
7,04;10.02.2009
7,02;09.02.2009
7,02;06.02.2009
7,05;05.02.2009
7,04;04.02.2009
7,04;03.02.2009
7,02;02.02.2009
7,02;30.01.2009
7,04;29.01.2009
7,03;28.01.2009
7,035;27.01.2009
7,02;26.01.2009
7,03;23.01.2009
7,02;22.01.2009
7,01;21.01.2009
7,01;20.01.2009
7,02;19.01.2009
7,02;16.01.2009
7,02;15.01.2009
7,02;14.01.2009
7,03;13.01.2009
7,02;12.01.2009
7,02;09.01.2009
7,02;08.01.2009
6,99;07.01.2009
7,02;06.01.2009
7,015;05.01.2009
7,02;02.01.2009
7,02;01.01.2009
7;31.12.2008
7,02;30.12.2008
7;29.12.2008
7,02;26.12.2008
7,02;25.12.2008
6,99;24.12.2008
7;23.12.2008
7;22.12.2008
7,03;19.12.2008
7,03;18.12.2008
7,02;17.12.2008
7,02;16.12.2008
7,01;15.12.2008
7,015;12.12.2008
7,02;11.12.2008
7,01;10.12.2008
7,02;09.12.2008
7,02;08.12.2008
7,02;05.12.2008
7,02;04.12.2008
7,02;03.12.2008
7,025;02.12.2008
7,02;01.12.2008
7,035;28.11.2008
7,02;27.11.2008
7,035;26.11.2008
7,045;25.11.2008
7,02;24.11.2008
7,01;21.11.2008
7,02;20.11.2008
7,01;19.11.2008
7,04;18.11.2008
7,01;17.11.2008
7,01;14.11.2008
7,02;13.11.2008
7,01;12.11.2008
7,02;11.11.2008
7,01;10.11.2008
7,02;07.11.2008
7,02;06.11.2008
7,02;05.11.2008
7,01;04.11.2008
7,02;03.11.2008
7,015;31.10.2008
7,02;30.10.2008
7,025;29.10.2008
7,02;28.10.2008
7,02;27.10.2008
7,01;24.10.2008
7,01;23.10.2008
7,02;22.10.2008
7,02;21.10.2008
7,02;20.10.2008
7;17.10.2008
7;16.10.2008
7;15.10.2008
7;14.10.2008
7,02;13.10.2008
7;10.10.2008
7;09.10.2008
7;08.10.2008
7,02;07.10.2008
7,01;06.10.2008
7,04;03.10.2008
7,01;02.10.2008
7,03;01.10.2008
6,985;30.09.2008
7;29.09.2008
7;26.09.2008
7,005;25.09.2008
7;24.09.2008
7;23.09.2008
7,04;22.09.2008
6,995;19.09.2008
6,995;18.09.2008
6,995;17.09.2008
7;16.09.2008
7,04;15.09.2008
7;12.09.2008
7,005;11.09.2008
7,04;10.09.2008
7;09.09.2008
6,995;08.09.2008
6,995;05.09.2008
6,995;04.09.2008
7;03.09.2008
7;02.09.2008
7,005;01.09.2008
7,005;29.08.2008
7,005;28.08.2008
7;27.08.2008
7;26.08.2008
7;25.08.2008
7;22.08.2008
7;21.08.2008
7,06;20.08.2008
7,06;19.08.2008
7,06;18.08.2008
7,02;15.08.2008
7,02;14.08.2008
7,02;13.08.2008
7,005;12.08.2008
7,05;11.08.2008
7,07;08.08.2008
7,06;07.08.2008
7,01;06.08.2008
7,09;05.08.2008
7,045;04.08.2008
7,09;01.08.2008
7,055;31.07.2008
7,07;30.07.2008
7,07;29.07.2008
7,07;28.07.2008
7,07;25.07.2008
7,12;24.07.2008
7,08;23.07.2008
7,08;22.07.2008
7,08;21.07.2008
7,12;18.07.2008
7,09;17.07.2008
7,09;16.07.2008
7,085;15.07.2008
7,12;14.07.2008
7,12;11.07.2008
7,15;10.07.2008
7,11;09.07.2008
7,086;08.07.2008
7,12;07.07.2008
7,2;04.07.2008
7,165;03.07.2008
7,2;02.07.2008
7,2;01.07.2008
7,2;30.06.2008
7,2;27.06.2008
7,2;26.06.2008
7,2;25.06.2008
7,2;24.06.2008
7,2;23.06.2008
7,2;20.06.2008
7,2;19.06.2008
7,17;18.06.2008
7,23;17.06.2008
7,23;16.06.2008
7,23;13.06.2008
7,23;12.06.2008
7,23;11.06.2008
7,23;10.06.2008
7,23;09.06.2008
7,26;06.06.2008
7,26;05.06.2008
7,26;04.06.2008
7,2;03.06.2008
7,2;02.06.2008
7,26;30.05.2008
7,19;29.05.2008
7,19;28.05.2008
7,19;27.05.2008
7,29;26.05.2008
7,2412;23.05.2008
7,28;22.05.2008
7,28;21.05.2008
7,29;20.05.2008
7,29;19.05.2008
7,29;16.05.2008
7,32;15.05.2008
7,32;14.05.2008
7,32;13.05.2008
7,32;12.05.2008
7,35;09.05.2008
7,32;08.05.2008
7,35;07.05.2008
7,35;06.05.2008
7,35;05.05.2008
7,35;02.05.2008
7,35;01.05.2008
7,35;30.04.2008
7,35;29.04.2008
7,38;28.04.2008
7,38;25.04.2008
7,38;24.04.2008
7,38;23.04.2008
7,38;22.04.2008
7,41;21.04.2008
7,41;18.04.2008
7,41;17.04.2008
7,43;16.04.2008
7,43;15.04.2008
7,43;14.04.2008
7,43;11.04.2008
7,43;10.04.2008
7,45;09.04.2008
7,45;08.04.2008
7,45;07.04.2008
7,45;04.04.2008
7,45;03.04.2008
7,45;02.04.2008
7,45;01.04.2008
7,47;31.03.2008
7,47;28.03.2008
7,47;27.03.2008
7,47;26.03.2008
7,61;25.03.2008
7,55;24.03.2008
7,55;21.03.2008
7,61;20.03.2008
7,61;19.03.2008
7,51;18.03.2008
7,61;17.03.2008
7,61;14.03.2008
7,61;13.03.2008
7,55;12.03.2008
7,61;11.03.2008
7,61;10.03.2008
7,61;07.03.2008
7,61;06.03.2008
7,55;05.03.2008
7,61;04.03.2008
7,61;03.03.2008
7,61;29.02.2008
7,61;28.02.2008
7,61;27.02.2008
7,61;26.02.2008
7,61;25.02.2008
7,61;22.02.2008
7,55;21.02.2008
7,61;20.02.2008
7,61;19.02.2008
7,61;18.02.2008
7,61;15.02.2008
7,61;14.02.2008
7,61;13.02.2008
7,61;12.02.2008
7,61;11.02.2008
7,61;08.02.2008
7,61;07.02.2008
7,61;06.02.2008
7,55;05.02.2008
7,61;04.02.2008
7,61;01.02.2008
7,61;31.01.2008
7,61;30.01.2008
7,61;29.01.2008
7,61;28.01.2008
7,61;25.01.2008
7,61;24.01.2008
7,61;23.01.2008
7,61;22.01.2008
7,63;21.01.2008
7,63;18.01.2008
7,63;17.01.2008
7,63;16.01.2008
7,63;15.01.2008
7,63;14.01.2008
7,63;11.01.2008
7,63;10.01.2008
7,64;09.01.2008
7,64;08.01.2008
7,58;07.01.2008
7,64;04.01.2008
7,64;03.01.2008
7,64;02.01.2008
7,58;01.01.2008
7,58;31.12.2007
7,64;28.12.2007
7,64;27.12.2007
7,64;26.12.2007
7,58;25.12.2007
7,64;24.12.2007
7,64;21.12.2007
7,64;20.12.2007
7,64;19.12.2007
7,64;18.12.2007
7,64;17.12.2007
7,64;14.12.2007
7,64;13.12.2007
7,64;12.12.2007
7,64;11.12.2007
7,64;10.12.2007
7,64;07.12.2007
7,64;06.12.2007
7,58;05.12.2007
7,64;04.12.2007
7,64;03.12.2007
7,64;30.11.2007
7,64;29.11.2007
7,64;28.11.2007
7,64;27.11.2007
7,64;26.11.2007
7,64;23.11.2007
7,58;22.11.2007
7,64;21.11.2007
7,64;20.11.2007
7,64;19.11.2007
7,64;16.11.2007
7,64;15.11.2007
7,64;14.11.2007
7,64;13.11.2007
7,64;12.11.2007
7,64;09.11.2007
7,64;08.11.2007
7,64;07.11.2007
7,64;06.11.2007
7,64;05.11.2007
7,58;02.11.2007
7,58;01.11.2007
7,58;31.10.2007
7,64;30.10.2007
7,64;29.10.2007
7,64;26.10.2007
7,58;25.10.2007
7,64;24.10.2007
7,58;23.10.2007
7,675;22.10.2007
7,675;19.10.2007
7,675;18.10.2007
7,675;17.10.2007
7,65;16.10.2007
7,675;15.10.2007
7,65;12.10.2007
7,65;11.10.2007
7,65;10.10.2007
7,65;09.10.2007
7,675;08.10.2007
7,675;05.10.2007
7,65;04.10.2007
7,675;03.10.2007
7,65;02.10.2007
7,6497;01.10.2007
7,675;28.09.2007
7,675;27.09.2007
7,675;26.09.2007
7,675;25.09.2007
7,68;24.09.2007
7,69;21.09.2007
7,76;20.09.2007
7,76;19.09.2007
7,76;18.09.2007
7,76;17.09.2007
7,76;14.09.2007
7,76;13.09.2007
7,76;12.09.2007
7,76;11.09.2007
7,76;10.09.2007
7,76;07.09.2007
7,76;06.09.2007
7,76;05.09.2007
7,76;04.09.2007
7,76;03.09.2007
7,76;31.08.2007
7,76;30.08.2007
7,76;29.08.2007
7,76;28.08.2007
7,76;27.08.2007
7,76;24.08.2007
7,76;23.08.2007
7,76;22.08.2007
7,76;21.08.2007
7,76;20.08.2007
7,76;17.08.2007
7,76;16.08.2007
7,76;15.08.2007
7,76;14.08.2007
7,76;13.08.2007
7,76;10.08.2007
7,76;09.08.2007
7,76;08.08.2007
7,75;07.08.2007
7,78;06.08.2007
7,72;03.08.2007
7,72;02.08.2007
7,72;01.08.2007
7,76;31.07.2007
7,76;30.07.2007
7,76;27.07.2007
7,76;26.07.2007
7,76;25.07.2007
7,82;24.07.2007
7,82;23.07.2007
7,82;20.07.2007
7,82;19.07.2007
7,82;18.07.2007
7,82;17.07.2007
7,82;16.07.2007
7,82;13.07.2007
7,82;12.07.2007
7,82;11.07.2007
7,82;10.07.2007
7,82;09.07.2007
7,82;06.07.2007
7,82;05.07.2007
7,82;04.07.2007
7,82;03.07.2007
7,82;02.07.2007
7,82;29.06.2007
7,82;28.06.2007
7,82;27.06.2007
7,82;26.06.2007
7,82;25.06.2007
7,82;22.06.2007
7,82;21.06.2007
7,82;20.06.2007
7,82;19.06.2007
7,85;18.06.2007
7,85;15.06.2007
7,94;14.06.2007
7,94;13.06.2007
7,94;12.06.2007
7,94;11.06.2007
7,94;08.06.2007
7,94;07.06.2007
7,94;06.06.2007
7,94;05.06.2007
7,94;04.06.2007
7,94;01.06.2007
7,94;31.05.2007
7,94;30.05.2007
7,94;29.05.2007
7,94;28.05.2007
7,94;25.05.2007
7,94;24.05.2007
7,94;23.05.2007
7,94;22.05.2007
7,94;21.05.2007
7,94;18.05.2007
7,94;17.05.2007
7,94;16.05.2007
7,94;15.05.2007
7,94;14.05.2007
7,94;11.05.2007
7,94;10.05.2007
7,94;09.05.2007
7,94;08.05.2007
7,94;07.05.2007
7,94;04.05.2007
7,94;03.05.2007
7,94;02.05.2007
7,94;01.05.2007
7,94;30.04.2007
7,94;27.04.2007
7,94;26.04.2007
7,94;25.04.2007
7,94;24.04.2007
7,94;23.04.2007
7,94;20.04.2007
7,94;19.04.2007
7,94;18.04.2007
7,94;17.04.2007
7,94;16.04.2007
7,94;13.04.2007
7,94;12.04.2007
7,94;11.04.2007
7,94;10.04.2007
7,94;09.04.2007
7,94;06.04.2007
7,94;05.04.2007
7,94;04.04.2007
7,94;03.04.2007
7,94;02.04.2007
7,94;30.03.2007
7,94;29.03.2007
7,94;28.03.2007
7,94;27.03.2007
7,94;26.03.2007
7,94;23.03.2007
7,94;22.03.2007
7,94;21.03.2007
7,94;20.03.2007
7,94;19.03.2007
7,94;16.03.2007
7,94;15.03.2007
7,94;14.03.2007
7,94;13.03.2007
7,94;12.03.2007
7,94;09.03.2007
7,94;08.03.2007
7,94;07.03.2007
7,94;06.03.2007
7,94;05.03.2007
7,94;02.03.2007
7,94;01.03.2007
7,94;28.02.2007
7,94;27.02.2007
7,94;26.02.2007
7,94;23.02.2007
7,94;22.02.2007
7,94;21.02.2007
7,94;20.02.2007
7,94;19.02.2007
7,94;16.02.2007
7,94;15.02.2007
7,94;14.02.2007
7,94;13.02.2007
7,94;12.02.2007
7,94;09.02.2007
7,94;08.02.2007
7,94;07.02.2007
7,94;06.02.2007
7,94;05.02.2007
7,94;02.02.2007
7,94;01.02.2007
7,94;31.01.2007
7,94;30.01.2007
7,94;29.01.2007
7,94;26.01.2007
7,94;25.01.2007
7,94;24.01.2007
7,94;23.01.2007
7,94;22.01.2007
7,94;19.01.2007
7,94;18.01.2007
7,94;17.01.2007
7,94;16.01.2007
7,94;15.01.2007
7,94;12.01.2007
7,94;11.01.2007
7,94;10.01.2007
7,94;09.01.2007
7,94;08.01.2007
7,94;05.01.2007
7,94;04.01.2007
7,94;03.01.2007
7,94;02.01.2007
7,94;01.01.2007
7,94;29.12.2006
7,94;28.12.2006
7,94;27.12.2006
7,94;26.12.2006
7,94;25.12.2006
7,94;22.12.2006
7,94;21.12.2006
7,94;20.12.2006
7,94;19.12.2006
7,94;18.12.2006
7,94;15.12.2006
7,94;14.12.2006
7,94;13.12.2006
7,94;12.12.2006
7,94;11.12.2006
7,94;08.12.2006
7,94;07.12.2006
7,94;06.12.2006
7,94;05.12.2006
7,94;04.12.2006
7,94;01.12.2006
7,94;30.11.2006
7,94;29.11.2006
7,94;28.11.2006
7,94;27.11.2006
7,94;24.11.2006
7,94;23.11.2006
7,94;22.11.2006
7,94;21.11.2006
7,94;20.11.2006
7,94;17.11.2006
7,94;16.11.2006
7,94;15.11.2006
7,94;14.11.2006
7,94;13.11.2006
7,94;10.11.2006
7,94;09.11.2006
7,94;08.11.2006
7,94;07.11.2006
7,94;06.11.2006
7,94;03.11.2006
7,94;02.11.2006
7,94;01.11.2006
7,94;31.10.2006
7,94;30.10.2006
7,94;27.10.2006
7,94;26.10.2006
7,94;25.10.2006
7,94;24.10.2006
7,94;23.10.2006
7,94;20.10.2006
7,94;19.10.2006
7,94;18.10.2006
7,94;17.10.2006
7,94;16.10.2006
7,94;13.10.2006
7,94;12.10.2006
7,94;11.10.2006
7,94;10.10.2006
7,94;09.10.2006
7,94;06.10.2006
7,94;05.10.2006
7,94;04.10.2006
7,94;03.10.2006
7,94;02.10.2006
7,94;29.09.2006
7,94;28.09.2006
7,94;27.09.2006
7,94;26.09.2006
7,94;25.09.2006
7,94;22.09.2006
7,94;21.09.2006
7,94;20.09.2006
7,94;19.09.2006
7,94;18.09.2006
7,94;15.09.2006
7,94;14.09.2006
7,94;13.09.2006
7,94;12.09.2006
7,94;11.09.2006
7,94;08.09.2006
7,94;07.09.2006
7,94;06.09.2006
7,94;05.09.2006
7,94;04.09.2006
7,94;01.09.2006
7,94;31.08.2006
7,94;30.08.2006
7,94;29.08.2006
7,94;28.08.2006
7,94;25.08.2006
7,94;24.08.2006
7,94;23.08.2006
7,94;22.08.2006
7,94;21.08.2006
7,94;18.08.2006
7,94;17.08.2006
7,94;16.08.2006
7,94;15.08.2006
7,94;14.08.2006
7,94;11.08.2006
7,94;10.08.2006
7,94;09.08.2006
7,94;08.08.2006
7,94;07.08.2006
7,94;04.08.2006
7,94;03.08.2006
7,94;02.08.2006
7,94;01.08.2006
7,94;31.07.2006
7,94;28.07.2006
7,94;27.07.2006
7,94;26.07.2006
7,94;25.07.2006
7,94;24.07.2006
7,94;21.07.2006
7,94;20.07.2006
7,94;19.07.2006
7,94;18.07.2006
7,94;17.07.2006
7,94;14.07.2006
7,94;13.07.2006
7,94;12.07.2006
7,94;11.07.2006
7,94;10.07.2006
7,94;07.07.2006
7,94;06.07.2006
7,94;05.07.2006
7,94;04.07.2006
7,94;03.07.2006
7,94;30.06.2006
7,94;29.06.2006
7,94;28.06.2006
7,94;27.06.2006
7,94;26.06.2006
7,94;23.06.2006
7,94;22.06.2006
7,94;21.06.2006
7,94;20.06.2006
7,94;19.06.2006
7,94;16.06.2006
7,95;15.06.2006
7,95;14.06.2006
7,95;13.06.2006
7,95;12.06.2006
7,95;09.06.2006
7,95;08.06.2006
7,95;07.06.2006
7,95;06.06.2006
7,95;05.06.2006
7,95;02.06.2006
7,95;01.06.2006
7,95;31.05.2006
7,95;30.05.2006
7,95;29.05.2006
7,95;26.05.2006
7,95;25.05.2006
7,95;24.05.2006
7,95;23.05.2006
7,95;22.05.2006
7,95;19.05.2006
7,95;18.05.2006
7,95;17.05.2006
7,95;16.05.2006
7,95;15.05.2006
7,95;12.05.2006
7,95;11.05.2006
7,95;10.05.2006
7,95;09.05.2006
7,95;08.05.2006
7,95;05.05.2006
7,95;04.05.2006
7,95;03.05.2006
7,95;02.05.2006
7,95;01.05.2006
7,95;28.04.2006
7,95;27.04.2006
7,95;26.04.2006
7,95;25.04.2006
7,95;24.04.2006
7,95;21.04.2006
7,95;20.04.2006
7,95;19.04.2006
7,95;18.04.2006
7,95;17.04.2006
7,95;14.04.2006
7,95;13.04.2006
7,95;12.04.2006
7,95;11.04.2006
7,95;10.04.2006
7,95;07.04.2006
7,95;06.04.2006
7,95;05.04.2006
7,95;04.04.2006
7,95;03.04.2006
7,95;31.03.2006
7,95;30.03.2006
7,95;29.03.2006
7,95;28.03.2006
7,95;27.03.2006
7,95;24.03.2006
7,95;23.03.2006
7,95;22.03.2006
7,95;21.03.2006
7,95;20.03.2006
7,95;17.03.2006
7,95;16.03.2006
7,95;15.03.2006
7,95;14.03.2006
7,95;13.03.2006
7,95;10.03.2006
7,95;09.03.2006
7,95;08.03.2006
7,95;07.03.2006
7,95;06.03.2006
7,95;03.03.2006
7,95;02.03.2006
7,95;01.03.2006
7,95;28.02.2006
7,95;27.02.2006
7,95;24.02.2006
7,95;23.02.2006
7,95;22.02.2006
7,95;21.02.2006
7,95;20.02.2006
7,95;17.02.2006
7,95;16.02.2006
7,95;15.02.2006
7,95;14.02.2006
7,95;13.02.2006
7,95;10.02.2006
7,95;09.02.2006
7,95;08.02.2006
7,95;07.02.2006
7,95;06.02.2006
7,95;03.02.2006
7,95;02.02.2006
7,95;01.02.2006
7,95;31.01.2006
7,95;30.01.2006
7,95;27.01.2006
7,95;26.01.2006
7,95;25.01.2006
7,95;24.01.2006
7,95;23.01.2006
7,95;20.01.2006
7,95;19.01.2006
7,95;18.01.2006
7,95;17.01.2006
7,95;16.01.2006
7,95;13.01.2006
7,95;12.01.2006
7,95;11.01.2006
7,95;10.01.2006
7,95;09.01.2006
7,95;06.01.2006
7,95;05.01.2006
7,95;04.01.2006
7,95;03.01.2006
7,95;02.01.2006
7,95;30.12.2005
7,95;29.12.2005
7,95;28.12.2005
7,95;27.12.2005
7,95;26.12.2005
7,95;23.12.2005
7,95;22.12.2005
7,95;21.12.2005
7,95;20.12.2005
7,95;19.12.2005
7,95;16.12.2005
7,97;15.12.2005
7,97;14.12.2005
7,97;13.12.2005
7,97;12.12.2005
7,97;09.12.2005
7,97;08.12.2005
7,97;07.12.2005
7,97;06.12.2005
7,97;05.12.2005
7,97;02.12.2005
7,97;01.12.2005
7,97;30.11.2005
7,97;29.11.2005
7,97;28.11.2005
7,97;25.11.2005
7,97;24.11.2005
7,97;23.11.2005
7,97;22.11.2005
7,97;21.11.2005
7,97;18.11.2005
7,97;17.11.2005
7,97;16.11.2005
7,97;15.11.2005
7,97;14.11.2005
7,97;11.11.2005
7,97;10.11.2005
7,97;09.11.2005
7,97;08.11.2005
7,97;07.11.2005
7,97;04.11.2005
7,97;03.11.2005
7,97;02.11.2005
7,97;01.11.2005
7,97;31.10.2005
7,97;28.10.2005
7,97;27.10.2005
7,97;26.10.2005
8;25.10.2005
8;24.10.2005
8;21.10.2005
8;20.10.2005
8;19.10.2005
8;18.10.2005
8;17.10.2005
8;14.10.2005
8;13.10.2005
8;12.10.2005
8;11.10.2005
8;10.10.2005
8;07.10.2005
8;06.10.2005
8;05.10.2005
8;04.10.2005
8;03.10.2005
8,005;30.09.2005
8,005;29.09.2005
8,005;28.09.2005
8,005;27.09.2005
8,005;26.09.2005
8,005;23.09.2005
8,005;22.09.2005
8,005;21.09.2005
8,005;20.09.2005
8,005;19.09.2005
8,005;16.09.2005
8,005;15.09.2005
8,005;14.09.2005
8,005;13.09.2005
8,005;12.09.2005
8,005;09.09.2005
8,005;08.09.2005
8,005;07.09.2005
8,005;06.09.2005
8,005;05.09.2005
8,005;02.09.2005
8,005;01.09.2005
8,037;31.08.2005
8,037;30.08.2005
8,037;29.08.2005
8,037;26.08.2005
8,037;25.08.2005
8,037;24.08.2005
8,037;23.08.2005
8,037;22.08.2005
8,037;19.08.2005
8,037;18.08.2005
8,037;17.08.2005
8,037;16.08.2005
8,037;15.08.2005
8,037;12.08.2005
8,037;11.08.2005
8,037;10.08.2005
8,037;09.08.2005
8,037;08.08.2005
8,037;05.08.2005
8,037;04.08.2005
8,037;03.08.2005
8,037;02.08.2005
8,037;01.08.2005
8,037;29.07.2005
8,037;28.07.2005
8,037;27.07.2005
8,037;26.07.2005
8,037;25.07.2005
8,037;22.07.2005
8,037;21.07.2005
8,037;20.07.2005
8,037;19.07.2005
8,037;18.07.2005
8,072;15.07.2005
8,072;14.07.2005
8,072;13.07.2005
8,072;12.07.2005
8,072;11.07.2005
8,072;08.07.2005
8,072;07.07.2005
8,072;06.07.2005
8,072;05.07.2005
8,072;04.07.2005
8,072;01.07.2005
8,072;30.06.2005
8,072;29.06.2005
8,072;28.06.2005
8,072;27.06.2005
8,072;24.06.2005
8,072;23.06.2005
8,072;22.06.2005
8,072;21.06.2005
8,072;20.06.2005
8,072;17.06.2005
8,072;16.06.2005
8,072;15.06.2005
8,072;14.06.2005
8,072;13.06.2005
8,072;10.06.2005
8,072;09.06.2005
8,072;08.06.2005
8,072;07.06.2005
8,072;06.06.2005
8,072;03.06.2005
8,072;02.06.2005
8,072;01.06.2005
8,072;31.05.2005
8,072;30.05.2005
8,072;27.05.2005
8,072;26.05.2005
8,072;25.05.2005
8,072;24.05.2005
8,072;23.05.2005
8,072;20.05.2005
8,072;19.05.2005
8,072;18.05.2005
8,072;17.05.2005
8,072;16.05.2005
8,072;13.05.2005
8,072;12.05.2005
8,072;11.05.2005
8,072;10.05.2005
8,072;09.05.2005
8,072;06.05.2005
8,072;05.05.2005
8,067;04.05.2005
8,067;03.05.2005
8,067;02.05.2005
8,067;29.04.2005
8,067;28.04.2005
8,067;27.04.2005
8,067;26.04.2005
8,067;25.04.2005
8,067;22.04.2005
8,067;21.04.2005
8,067;20.04.2005
8,067;19.04.2005
8,067;18.04.2005
8,067;15.04.2005
8,067;14.04.2005
8,067;13.04.2005
8,067;12.04.2005
8,067;11.04.2005
8,067;08.04.2005
8,067;07.04.2005
8,067;06.04.2005
8,067;05.04.2005
8,067;04.04.2005
8,067;01.04.2005
8,067;31.03.2005
8,067;30.03.2005
8,067;29.03.2005
8,067;28.03.2005
8,067;25.03.2005
8,067;24.03.2005
8,067;23.03.2005
8,067;22.03.2005
8,067;21.03.2005
8,067;18.03.2005
8,067;17.03.2005
8,067;16.03.2005
8,0545;15.03.2005
8,0545;14.03.2005
8,052;11.03.2005
8,052;10.03.2005
8,052;09.03.2005
8,052;08.03.2005
8,052;07.03.2005
8,052;04.03.2005
8,052;03.03.2005
8,052;02.03.2005
8,052;01.03.2005
8,052;28.02.2005
8,052;25.02.2005
8,052;24.02.2005
8,052;23.02.2005
8,037;22.02.2005
8,037;21.02.2005
8,037;18.02.2005
8,037;17.02.2005
8,037;16.02.2005
8,037;15.02.2005
8,037;14.02.2005
8,037;11.02.2005
8,037;10.02.2005
8,037;09.02.2005
8,037;08.02.2005
8,037;07.02.2005
8,037;04.02.2005
8,037;03.02.2005
8,037;02.02.2005
8,037;01.02.2005
8,037;31.01.2005
8,037;28.01.2005
8,037;27.01.2005
8,037;26.01.2005
8,037;25.01.2005
8,037;24.01.2005
8,037;21.01.2005
8,037;20.01.2005
8,037;19.01.2005
8,037;18.01.2005
8,037;17.01.2005
8,037;14.01.2005
8,032;13.01.2005
8,032;12.01.2005
8,032;11.01.2005
8,032;10.01.2005
8,022;07.01.2005
8,022;06.01.2005
8,022;05.01.2005
8,022;04.01.2005
8,022;03.01.2005
8,022;31.12.2004
8,022;30.12.2004
8,022;29.12.2004
8,022;28.12.2004
8,022;27.12.2004
8,022;24.12.2004
8,022;23.12.2004
8,022;22.12.2004
8,022;21.12.2004
8,022;20.12.2004
8,022;17.12.2004
8,022;16.12.2004
8,022;15.12.2004
8,022;14.12.2004
8,007;13.12.2004
8,007;10.12.2004
8,007;09.12.2004
8,007;08.12.2004
8,007;07.12.2004
8,007;06.12.2004
8,007;03.12.2004
8,007;02.12.2004
8,007;01.12.2004
8,007;30.11.2004
8,007;29.11.2004
8,007;26.11.2004
8,007;24.11.2004
8,007;23.11.2004
8,002;22.11.2004
8,002;19.11.2004
8,002;18.11.2004
8,002;17.11.2004
8,002;16.11.2004
8,002;15.11.2004
8,002;12.11.2004
8,002;11.11.2004
8,002;10.11.2004
8,002;09.11.2004
8,002;08.11.2004
7,992;05.11.2004
7,992;04.11.2004
7,992;03.11.2004
7,992;02.11.2004
7,992;01.11.2004
7,992;29.10.2004
7,992;28.10.2004
7,992;27.10.2004
7,992;26.10.2004
7,992;25.10.2004
7,992;22.10.2004
7,992;21.10.2004
7,992;20.10.2004
7,992;19.10.2004
7,992;18.10.2004
7,992;15.10.2004
7,992;14.10.2004
7,992;13.10.2004
7,992;12.10.2004
7,987;11.10.2004
7,987;08.10.2004
7,977;07.10.2004
7,972;06.10.2004
7,972;05.10.2004
7,972;04.10.2004
7,9835;20.09.2004
7,9285;12.08.2004
7,906;04.06.2004
7,911;07.05.2004
7,911;28.04.2004
7,901;16.04.2004
7,901;22.03.2004
7,648;19.06.2003
7,648;18.06.2003
7,648;17.06.2003
7,6475;16.06.2003
7,6375;13.06.2003
7,6375;12.06.2003
7,6375;11.06.2003
7,63;10.06.2003
7,63;09.06.2003
7,621;06.06.2003
7,621;05.06.2003
7,621;04.06.2003
7,621;03.06.2003
7,621;02.06.2003
7,621;30.05.2003
7,621;29.05.2003
7,61;28.05.2003
7,61;27.05.2003
7,61;26.05.2003
7,61;23.05.2003
7,611;22.05.2003
7,611;21.05.2003
7,611;20.05.2003
7,611;19.05.2003
7,611;16.05.2003
7,611;15.05.2003
7,611;14.05.2003
7,612;13.05.2003
7,602;12.05.2003
7,602;09.05.2003
7,601;08.05.2003
7,601;07.05.2003
7,599;06.05.2003
7,6;05.05.2003
7,6;02.05.2003
7,601;01.05.2003
7,601;30.04.2003
7,599;29.04.2003
7,602;28.04.2003
7,601;25.04.2003
7,602;24.04.2003
7,5995;23.04.2003
7,601;22.04.2003
7,6;21.04.2003
7,597;18.04.2003
7,597;17.04.2003
7,597;16.04.2003
7,597;15.04.2003
7,599;14.04.2003
7,6015;11.04.2003
7,6015;10.04.2003
7,6015;09.04.2003
7,6015;08.04.2003
7,5935;07.04.2003
7,5935;04.04.2003
7,593;03.04.2003
7,593;02.04.2003
7,593;01.04.2003
7,593;31.03.2003
7,593;28.03.2003
7,593;27.03.2003
7,593;26.03.2003
7,593;25.03.2003
7,583;24.03.2003
7,583;21.03.2003
7,583;20.03.2003
7,581;19.03.2003
7,581;18.03.2003
7,582;17.03.2003
7,582;14.03.2003
7,582;13.03.2003
7,582;12.03.2003
7,5735;11.03.2003
7,575;10.03.2003
7,574;07.03.2003
7,564;06.03.2003
7,564;05.03.2003
7,5635;04.03.2003
7,5635;03.03.2003
7,5635;28.02.2003
7,5635;27.02.2003
7,5635;26.02.2003
7,5635;25.02.2003
7,554;24.02.2003
7,554;21.02.2003
7,553;20.02.2003
7,5545;19.02.2003
7,555;18.02.2003
7,555;17.02.2003
7,555;14.02.2003
7,555;13.02.2003
7,557;12.02.2003
7,557;11.02.2003
7,557;10.02.2003
7,557;07.02.2003
7,5535;06.02.2003
7,5535;05.02.2003
7,543;04.02.2003
7,543;03.02.2003
7,543;31.01.2003
7,545;30.01.2003
7,545;29.01.2003
7,535;28.01.2003
7,537;27.01.2003
7,537;24.01.2003
7,5345;23.01.2003
7,5245;22.01.2003
7,5245;21.01.2003
7,5245;20.01.2003
7,5245;17.01.2003
7,5245;16.01.2003
7,527;15.01.2003
7,527;14.01.2003
7,527;13.01.2003
7,527;10.01.2003
7,527;09.01.2003
7,527;08.01.2003
7,527;07.01.2003
7,515;06.01.2003
7,504;03.01.2003
7,4935;02.01.2003
7,4935;01.01.2003
7,4935;31.12.2002
7,4935;30.12.2002
7,4935;27.12.2002
7,483;26.12.2002
7,4735;25.12.2002
7,4735;24.12.2002
7,4735;23.12.2002
7,4635;20.12.2002
7,464;19.12.2002
7,464;18.12.2002
7,464;17.12.2002
7,4635;16.12.2002
7,4635;13.12.2002
7,464;12.12.2002
7,4525;11.12.2002
7,4525;10.12.2002
7,454;09.12.2002
7,453;06.12.2002
7,444;05.12.2002
7,444;04.12.2002
7,443;03.12.2002
7,443;02.12.2002
7,413;29.11.2002
7,41;28.11.2002
7,413;27.11.2002
7,413;26.11.2002
7,413;25.11.2002
7,413;22.11.2002
7,413;21.11.2002
7,413;20.11.2002
7,413;19.11.2002
7,413;18.11.2002
7,413;15.11.2002
7,414;14.11.2002
7,414;13.11.2002
7,414;12.11.2002
7,4135;11.11.2002
7,4135;08.11.2002
7,4035;07.11.2002
7,4035;06.11.2002
7,3935;05.11.2002
7,393;04.11.2002
7,3945;01.11.2002
7,3945;31.10.2002
7,3945;30.10.2002
7,3945;29.10.2002
7,3945;28.10.2002
7,3945;25.10.2002
7,383;24.10.2002
7,383;23.10.2002
7,373;22.10.2002
7,373;21.10.2002
7,373;18.10.2002
7,373;17.10.2002
7,3735;16.10.2002
7,373;15.10.2002
7,373;14.10.2002
7,373;11.10.2002
7,373;10.10.2002
7,374;09.10.2002
7,3735;08.10.2002
7,363;07.10.2002
7,353;04.10.2002
7,3535;03.10.2002
7,3435;02.10.2002
7,343;01.10.2002
7,343;30.09.2002
7,343;27.09.2002
7,343;26.09.2002
7,333;25.09.2002
7,333;24.09.2002
7,333;23.09.2002
7,333;20.09.2002
7,3335;19.09.2002
7,323;18.09.2002
7,3225;17.09.2002
7,313;16.09.2002
7,313;13.09.2002
7,3035;12.09.2002
7,303;11.09.2002
7,303;10.09.2002
7,303;09.09.2002
7,3025;06.09.2002
7,3025;05.09.2002
7,294;04.09.2002
7,2925;03.09.2002
7,2935;02.09.2002
7,2935;30.08.2002
7,293;29.08.2002
7,283;28.08.2002
7,283;27.08.2002
7,273;26.08.2002
7,273;23.08.2002
7,272;22.08.2002
7,265;21.08.2002
7,265;20.08.2002
7,2645;19.08.2002
7,2645;16.08.2002
7,2535;15.08.2002
7,2535;14.08.2002
7,253;13.08.2002
7,253;12.08.2002
7,2535;09.08.2002
7,2445;08.08.2002
7,244;07.08.2002
7,243;06.08.2002
7,243;05.08.2002
7,233;02.08.2002
7,233;01.08.2002
7,234;31.07.2002
7,223;30.07.2002
7,223;29.07.2002
7,2245;26.07.2002
7,2245;25.07.2002
7,2245;24.07.2002
7,2145;23.07.2002
7,204;22.07.2002
7,202;19.07.2002
7,1935;18.07.2002
7,193;17.07.2002
7,183;16.07.2002
7,1835;15.07.2002
7,1445;12.07.2002
7,1445;11.07.2002
7,1445;10.07.2002
7,1445;09.07.2002
7,173;08.07.2002
7,1445;05.07.2002
7,175;04.07.2002
7,175;03.07.2002
7,166;02.07.2002
7,1445;01.07.2002
7,1635;28.06.2002
7,1445;27.06.2002
7,1445;26.06.2002
7,154;25.06.2002
7,1435;24.06.2002
7,1445;21.06.2002
7,133;20.06.2002
7,131;19.06.2002
7,131;18.06.2002
7,132;17.06.2002
7,1325;14.06.2002
7,134;13.06.2002
7,133;12.06.2002
7,133;11.06.2002
7,124;10.06.2002
7,1235;07.06.2002
7,113;06.06.2002
7,102;05.06.2002
7,102;04.06.2002
7,092;03.06.2002
7,082;31.05.2002
7,081;30.05.2002
7,081;29.05.2002
7,081;28.05.2002
7,067;27.05.2002
7,067;24.05.2002
7,067;23.05.2002
7,067;22.05.2002
7,063;21.05.2002
7,063;20.05.2002
7,063;17.05.2002
7,052;16.05.2002
7,052;15.05.2002
7,052;14.05.2002
7,052;13.05.2002
7,052;10.05.2002
7,052;09.05.2002
7,052;08.05.2002
7,052;07.05.2002
7,053;06.05.2002
7,053;03.05.2002
7,054;02.05.2002
7,054;01.05.2002
7,053;30.04.2002
7,0535;29.04.2002
7,054;26.04.2002
7,053;25.04.2002
7,053;24.04.2002
7,053;23.04.2002
7,053;22.04.2002
7,053;19.04.2002
7,053;18.04.2002
7,054;17.04.2002
7,0535;16.04.2002
7,0535;15.04.2002
7,055;12.04.2002
7,053;11.04.2002
7,053;10.04.2002
7,043;09.04.2002
7,0435;08.04.2002
7,043;05.04.2002
7,043;04.04.2002
7,034;03.04.2002
7,023;02.04.2002
7,023;01.04.2002
7,023;29.03.2002
7,023;28.03.2002
7,023;27.03.2002
7,0135;26.03.2002
7,0135;25.03.2002
6,9935;22.03.2002
6,9935;21.03.2002
6,993;20.03.2002
6,993;19.03.2002
6,994;18.03.2002
6,994;15.03.2002
6,994;14.03.2002
6,994;13.03.2002
6,994;12.03.2002
6,994;11.03.2002
6,993;08.03.2002
6,993;07.03.2002
6,983;06.03.2002
6,983;05.03.2002
6,9735;04.03.2002
6,9735;01.03.2002
6,9735;28.02.2002
6,9735;27.02.2002
6,9735;26.02.2002
6,9735;25.02.2002
6,963;22.02.2002
6,953;21.02.2002
6,953;20.02.2002
6,953;19.02.2002
6,943;18.02.2002
6,943;15.02.2002
6,934;14.02.2002
6,934;13.02.2002
6,934;12.02.2002
6,934;11.02.2002
6,9235;08.02.2002
6,9235;07.02.2002
6,903;06.02.2002
6,903;05.02.2002
6,903;04.02.2002
6,903;01.02.2002
6,903;31.01.2002
6,903;30.01.2002
6,897;29.01.2002
6,897;28.01.2002
6,897;25.01.2002
6,896;24.01.2002
6,87;23.01.2002
6,864;22.01.2002
6,864;21.01.2002
6,864;18.01.2002
6,864;17.01.2002
6,857;16.01.2002
6,857;15.01.2002
6,857;14.01.2002
6,8565;11.01.2002
6,847;10.01.2002
6,847;09.01.2002
6,847;08.01.2002
6,847;07.01.2002
6,838;04.01.2002
6,8335;03.01.2002
6,8235;02.01.2002
6,809;31.12.2001
6,809;28.12.2001
6,809;27.12.2001
6,809;26.12.2001
6,809;25.12.2001
6,809;24.12.2001
6,809;21.12.2001
6,809;20.12.2001
6,822;19.12.2001
6,822;18.12.2001
6,822;17.12.2001
6,822;14.12.2001
6,822;13.12.2001
6,822;12.12.2001
6,822;11.12.2001
6,822;10.12.2001
6,8135;07.12.2001
6,8135;06.12.2001
6,8135;05.12.2001
6,8135;04.12.2001
6,8235;03.12.2001
6,8235;30.11.2001
6,8235;29.11.2001
6,8235;28.11.2001
6,8235;27.11.2001
6,8235;26.11.2001
6,802;23.11.2001
6,802;22.11.2001
6,802;21.11.2001
6,802;20.11.2001
6,803;19.11.2001
6,803;16.11.2001
6,803;15.11.2001
6,793;14.11.2001
6,793;13.11.2001
6,793;12.11.2001
6,793;09.11.2001
6,793;08.11.2001
6,793;07.11.2001
6,783;06.11.2001
6,783;05.11.2001
6,793;02.11.2001
6,793;01.11.2001
6,793;31.10.2001
6,7835;30.10.2001
6,773;29.10.2001
6,773;26.10.2001
6,7625;25.10.2001
6,753;24.10.2001
6,753;23.10.2001
6,753;22.10.2001
6,753;19.10.2001
6,7635;18.10.2001
6,7635;17.10.2001
6,7635;16.10.2001
6,7635;15.10.2001
6,7635;12.10.2001
6,7615;11.10.2001
6,7635;10.10.2001
6,7535;09.10.2001
6,743;08.10.2001
6,743;05.10.2001
6,743;04.10.2001
6,7335;03.10.2001
6,733;02.10.2001
6,733;01.10.2001
6,732;28.09.2001
6,732;27.09.2001
6,732;26.09.2001
6,7235;25.09.2001
6,7145;24.09.2001
6,7135;21.09.2001
6,7135;20.09.2001
6,717;19.09.2001
6,7135;18.09.2001
6,7135;17.09.2001
6,7135;14.09.2001
6,7135;13.09.2001
6,7135;12.09.2001
6,7135;11.09.2001
6,7135;10.09.2001
6,7035;07.09.2001
6,6935;06.09.2001
6,6935;05.09.2001
6,6935;04.09.2001
6,703;03.09.2001
6,703;31.08.2001
6,703;30.08.2001
6,703;29.08.2001
6,703;28.08.2001
6,6935;27.08.2001
6,6935;24.08.2001
6,6935;23.08.2001
6,6835;22.08.2001
6,6845;21.08.2001
6,677;20.08.2001
6,6735;17.08.2001
6,6735;16.08.2001
6,6735;15.08.2001
6,6735;14.08.2001
6,6735;13.08.2001
6,6735;10.08.2001
6,6645;09.08.2001
6,6645;08.08.2001
6,6545;07.08.2001
6,6545;06.08.2001
6,6545;03.08.2001
6,652;02.08.2001
6,652;01.08.2001
6,652;31.07.2001
6,652;30.07.2001
6,652;27.07.2001
6,652;26.07.2001
6,652;25.07.2001
6,6345;24.07.2001
6,6345;23.07.2001
6,6345;20.07.2001
6,619;19.07.2001
6,619;18.07.2001
6,619;17.07.2001
6,619;16.07.2001
6,619;13.07.2001
6,619;12.07.2001
6,607;11.07.2001
6,605;10.07.2001
6,605;09.07.2001
6,605;06.07.2001
6,587;05.07.2001
6,587;04.07.2001
6,587;03.07.2001
6,5825;02.07.2001
6,5825;29.06.2001
6,5825;28.06.2001
6,58;27.06.2001
6,58;26.06.2001
6,58;25.06.2001
6,57;22.06.2001
6,57;21.06.2001
6,56;20.06.2001
6,56;19.06.2001
6,56;18.06.2001
6,56;15.06.2001
6,56;14.06.2001
6,565;13.06.2001
6,565;12.06.2001
6,557;11.06.2001
6,557;08.06.2001
6,555;07.06.2001
6,555;06.06.2001
6,555;05.06.2001
6,555;04.06.2001
6,55;01.06.2001
6,55;31.05.2001
6,55;30.05.2001
6,55;29.05.2001
6,5435;28.05.2001
6,5435;25.05.2001
6,5435;24.05.2001
6,5435;23.05.2001
6,5325;22.05.2001
6,53;21.05.2001
6,53;18.05.2001
6,53;17.05.2001
6,53;16.05.2001
6,5225;15.05.2001
6,52;14.05.2001
6,52;11.05.2001
6,52;10.05.2001
6,52;09.05.2001
6,52;08.05.2001
6,507;07.05.2001
6,507;04.05.2001
6,507;03.05.2001
6,507;02.05.2001
6,503;01.05.2001
6,503;30.04.2001
6,503;27.04.2001
6,5;26.04.2001
6,5;25.04.2001
6,513;24.04.2001
6,503;23.04.2001
6,503;20.04.2001
6,503;19.04.2001
6,503;18.04.2001
6,5;17.04.2001
6,5;16.04.2001
6,5;13.04.2001
6,5;12.04.2001
6,5;11.04.2001
6,49;10.04.2001
6,49;09.04.2001
6,49;06.04.2001
6,49;05.04.2001
6,49;04.04.2001
6,49;03.04.2001
6,48;02.04.2001
6,48;30.03.2001
6,48;29.03.2001
6,48;28.03.2001
6,48;27.03.2001
6,48;26.03.2001
6,48;23.03.2001
6,47;22.03.2001
6,46;21.03.2001
6,46;20.03.2001
6,46;19.03.2001
6,46;16.03.2001
6,46;15.03.2001
6,46;14.03.2001
6,46;13.03.2001
6,46;12.03.2001
6,46;09.03.2001
6,46;08.03.2001
6,45;07.03.2001
6,45;06.03.2001
6,45;05.03.2001
6,45;02.03.2001
6,45;01.03.2001
6,439;28.02.2001
6,439;27.02.2001
6,439;26.02.2001
6,439;23.02.2001
6,439;22.02.2001
6,437;21.02.2001
6,431;20.02.2001
6,431;19.02.2001
6,431;16.02.2001
6,43;15.02.2001
6,43;14.02.2001
6,43;13.02.2001
6,43;12.02.2001
6,4175;09.02.2001
6,4175;08.02.2001
6,4175;07.02.2001
6,4175;06.02.2001
6,415;05.02.2001
6,41;02.02.2001
6,41;01.02.2001
6,4;31.01.2001
6,4;30.01.2001
6,4;29.01.2001
6,4;26.01.2001
6,4;25.01.2001
6,4;24.01.2001
6,4;23.01.2001
6,4;22.01.2001
6,4;19.01.2001
6,4;18.01.2001
6,4;17.01.2001
6,4;16.01.2001
6,4;15.01.2001
6,4;12.01.2001
6,4;11.01.2001
6,4;10.01.2001
6,39;09.01.2001
6,39;08.01.2001
5,86;05.01.2001
6,37;04.01.2001
6,36;03.01.2001
6,36;02.01.2001
6,36;01.01.2001
6,36;29.12.2000
6,36;28.12.2000
6,36;27.12.2000
6,36;26.12.2000
6,36;25.12.2000
6,36;22.12.2000
6,36;21.12.2000
6,35;20.12.2000
6,35;19.12.2000
6,35;18.12.2000
6,35;15.12.2000
6,35;14.12.2000
6,35;13.12.2000
6,35;12.12.2000
6,35;11.12.2000
6,35;08.12.2000
6,35;07.12.2000
6,35;06.12.2000
6,35;05.12.2000
6,34;04.12.2000
6,34;01.12.2000
6,34;30.11.2000
6,34;29.11.2000
6,33;28.11.2000
6,31;27.11.2000
6,31;24.11.2000
6,31;23.11.2000
6,31;22.11.2000
6,31;21.11.2000
6,31;20.11.2000
6,31;17.11.2000
6,31;16.11.2000
6,3;15.11.2000
6,32;14.11.2000
6,32;13.11.2000
6,32;10.11.2000
6,31;09.11.2000
6,3;08.11.2000
6,3;07.11.2000
6,3;06.11.2000
6,3;03.11.2000
6,29;02.11.2000
6,28;01.11.2000
6,28;31.10.2000
6,28;30.10.2000
6,28;27.10.2000
6,27;26.10.2000
6,27;25.10.2000
6,27;24.10.2000
6,27;23.10.2000
6,27;20.10.2000
6,27;19.10.2000
6,27;18.10.2000
6,27;17.10.2000
6,27;16.10.2000
6,27;13.10.2000
6,27;12.10.2000
6,26;11.10.2000
6,26;10.10.2000
6,26;09.10.2000
6,26;06.10.2000
6,26;05.10.2000
6,26;04.10.2000
6,26;03.10.2000
6,26;02.10.2000
6,19;29.09.2000
6,19;28.09.2000
6,27;27.09.2000
6,19;26.09.2000
6,26;25.09.2000
6,25;22.09.2000
6,25;21.09.2000
6,25;20.09.2000
6,25;19.09.2000
6,25;18.09.2000
6,25;15.09.2000
6,25;14.09.2000
6,25;13.09.2000
6,25;12.09.2000
6,24;11.09.2000
6,24;08.09.2000
6,24;07.09.2000
6,24;06.09.2000
6,18;05.09.2000
6,18;04.09.2000
6,18;01.09.2000
6,18;31.08.2000
6,18;30.08.2000
6,18;29.08.2000
6,21;28.08.2000
6,21;25.08.2000
6,21;24.08.2000
6,1;23.08.2000
6,1;22.08.2000
6,1;21.08.2000
6,1;19.08.2000
6,1;18.08.2000
6,1;17.08.2000
6,22;16.08.2000
6,22;15.08.2000
6,22;14.08.2000
6,18;11.08.2000
6,18;10.08.2000
6,18;09.08.2000
6,18;08.08.2000
6,21;07.08.2000
6,21;04.08.2000
6,2;03.08.2000
6,2;02.08.2000
6,2;01.08.2000
6,2;31.07.2000
6,2;28.07.2000
6,15;27.07.2000
6,14;26.07.2000
6,14;25.07.2000
6,14;24.07.2000
6,14;21.07.2000
6,14;20.07.2000
6,14;19.07.2000
6,14;18.07.2000
6,14;17.07.2000
6,14;14.07.2000
6,19;13.07.2000
6,18;12.07.2000
6,14;11.07.2000
6,14;10.07.2000
6,14;07.07.2000
6,14;06.07.2000
6,14;05.07.2000
6,14;04.07.2000
6,14;03.07.2000
6,14;30.06.2000
6,14;29.06.2000
6,14;28.06.2000
6,17;27.06.2000
6,12;26.06.2000
6,12;23.06.2000
6,12;22.06.2000
6,12;21.06.2000
6,12;20.06.2000
6,16;19.06.2000
6,16;16.06.2000
6,15;15.06.2000
6,15;14.06.2000
6,16;13.06.2000
6,16;12.06.2000
6,15;09.06.2000
6,15;08.06.2000
6,15;07.06.2000
6,15;06.06.2000
6,15;05.06.2000
6,14;02.06.2000
6,14;01.06.2000
6,14;31.05.2000
6,14;30.05.2000
6,14;29.05.2000
6,1;26.05.2000
6,1;25.05.2000
6,1;24.05.2000
6,1;23.05.2000
6,1;22.05.2000
6,1;19.05.2000
6,1;18.05.2000
6,13;17.05.2000
6,13;16.05.2000
6,13;15.05.2000
6,13;12.05.2000
6,12;11.05.2000
6,12;10.05.2000
6,12;09.05.2000
6,12;08.05.2000
6,02;05.05.2000
6,02;04.05.2000
6,05;03.05.2000
6,05;02.05.2000
6,11;01.05.2000
6,11;28.04.2000
5,62;27.04.2000
5,54;26.04.2000
6,02;25.04.2000
6,02;24.04.2000
6,02;21.04.2000
6,02;20.04.2000
6,02;19.04.2000
6,02;18.04.2000
6,02;17.04.2000
6,02;14.04.2000
6;13.04.2000
6;12.04.2000
6;11.04.2000
5,99;10.04.2000
5,99;07.04.2000
5,99;06.04.2000
5,99;05.04.2000
6,02;04.04.2000
6,02;03.04.2000
6,02;31.03.2000
6,08;30.03.2000
6,08;29.03.2000
6,08;28.03.2000
6,07;27.03.2000
6,07;24.03.2000
6,07;23.03.2000
6,07;22.03.2000
6,07;21.03.2000
6,06;20.03.2000
6,06;17.03.2000
6,06;16.03.2000
6,06;15.03.2000
6,06;14.03.2000
6,06;13.03.2000
6,02;10.03.2000
6,02;09.03.2000
6,02;08.03.2000
6,02;07.03.2000
6,05;06.03.2000
6,05;03.03.2000
6,04;02.03.2000
6,04;01.03.2000
6,04;29.02.2000
6,04;28.02.2000
6,04;25.02.2000
6,04;24.02.2000
5,99;23.02.2000
5,99;22.02.2000
5,99;21.02.2000
5,99;18.02.2000
6,03;17.02.2000
6,03;16.02.2000
6,03;15.02.2000
6,02;14.02.2000
6,02;11.02.2000
6,02;10.02.2000
6;09.02.2000
6,01;08.02.2000
6,01;07.02.2000
6,01;04.02.2000
6,01;03.02.2000
6,01;02.02.2000
5,97;01.02.2000
5,97;31.01.2000
5,97;28.01.2000
5,97;27.01.2000
5,97;26.01.2000
5,94;25.01.2000
5,94;24.01.2000
5,94;21.01.2000
5,94;20.01.2000
5,94;19.01.2000
5,97;18.01.2000
5,97;17.01.2000
5,97;14.01.2000
5,95;13.01.2000
5,95;12.01.2000
5,95;11.01.2000
5,95;10.01.2000
5,99;07.01.2000
5,93;06.01.2000
5,93;05.01.2000
5,98;04.01.2000
5,98;03.01.2000
5,98;31.12.1999
5,98;30.12.1999
5,92;29.12.1999
5,92;28.12.1999
5,92;27.12.1999
5,92;24.12.1999
5,92;23.12.1999
5,92;22.12.1999
5,92;21.12.1999
5,95;20.12.1999
5,95;17.12.1999
5,95;16.12.1999
5,95;15.12.1999
5,95;14.12.1999
5,95;13.12.1999
5,95;10.12.1999
5,94;09.12.1999
5,94;08.12.1999
5,97;07.12.1999
5,93;06.12.1999
5,93;03.12.1999
5,93;02.12.1999
5,93;01.12.1999
5,96;30.11.1999
5,94;29.11.1999
5,94;26.11.1999
5,94;25.11.1999
5,94;24.11.1999
5,94;23.11.1999
5,94;22.11.1999
5,95;19.11.1999
5,95;18.11.1999
5,94;17.11.1999
5,94;16.11.1999
5,92;15.11.1999
5,92;12.11.1999
5,9;11.11.1999
5,9;10.11.1999
5,9;09.11.1999
5,9;08.11.1999
5,9;05.11.1999
5,9;04.11.1999
5,9;03.11.1999
5,9;02.11.1999
5,94;01.11.1999
5,93;29.10.1999
5,93;28.10.1999
5,93;27.10.1999
5,89;26.10.1999
5,89;25.10.1999
5,92;22.10.1999
5,92;21.10.1999
5,92;20.10.1999
5,92;19.10.1999
5,92;18.10.1999
5,88;15.10.1999
5,88;14.10.1999
5,88;13.10.1999
5,91;12.10.1999
5,91;11.10.1999
5,91;08.10.1999
5,91;07.10.1999
5,91;06.10.1999
5,91;05.10.1999
5,91;04.10.1999
5,9;01.10.1999
5,9;30.09.1999
5,9;29.09.1999
5,9;28.09.1999
5,84;27.09.1999
5,84;24.09.1999
5,89;23.09.1999
5,89;22.09.1999
5,89;21.09.1999
5,85;20.09.1999
5,85;17.09.1999
5,85;16.09.1999
5,85;15.09.1999
5,85;14.09.1999
5,88;13.09.1999
5,88;10.09.1999
5,88;09.09.1999
5,88;08.09.1999
5,88;07.09.1999
5,87;06.09.1999
5,87;03.09.1999
5,87;02.09.1999
5,87;01.09.1999
5,87;31.08.1999
5,87;30.08.1999
5,87;27.08.1999
5,87;26.08.1999
5,82;25.08.1999
5,82;24.08.1999
5,85;23.08.1999
5,85;20.08.1999
5,85;19.08.1999
5,85;18.08.1999
5,85;17.08.1999
5,84;16.08.1999
5,84;13.08.1999
5,84;12.08.1999
5,8;11.08.1999
5,8;10.08.1999
5,8;09.08.1999
5,8;07.08.1999
5,8;06.08.1999
5,8;05.08.1999
5,8;04.08.1999
5,8;03.08.1999
5,8;02.08.1999
5,8;30.07.1999
5,8;29.07.1999
5,8;28.07.1999
5,8;27.07.1999
5,8;26.07.1999
5,8;23.07.1999
5,8;22.07.1999
5,8;21.07.1999
5,8;20.07.1999
5,75;19.07.1999
5,76;16.07.1999
5,76;15.07.1999
5,76;14.07.1999
5,76;13.07.1999
5,76;12.07.1999
5,76;09.07.1999
5,76;08.07.1999
5,76;07.07.1999
5,76;06.07.1999
5,75;05.07.1999
5,75;02.07.1999
5,75;01.07.1999
5,75;30.06.1999
5,75;29.06.1999
5,75;28.06.1999
5,75;25.06.1999
5,75;24.06.1999
5,75;23.06.1999
5,75;22.06.1999
5,75;21.06.1999
5,74;18.06.1999
5,74;17.06.1999
5,74;16.06.1999
5,74;15.06.1999
5,74;14.06.1999
5,74;11.06.1999
5,74;10.06.1999
5,74;09.06.1999
5,74;08.06.1999
5,74;07.06.1999
5,74;04.06.1999
5,74;03.06.1999
5,74;02.06.1999
5,74;01.06.1999
5,74;31.05.1999
5,74;28.05.1999
5,74;27.05.1999
5,74;26.05.1999
5,74;25.05.1999
5,74;24.05.1999
5,78;21.05.1999
5,78;20.05.1999
5,78;19.05.1999
5,78;18.05.1999
5,78;17.05.1999
5,78;14.05.1999
5,76;13.05.1999
5,76;12.05.1999
5,76;11.05.1999
5,77;10.05.1999
5,77;07.05.1999
5,75;06.05.1999
5,75;05.05.1999
5,75;04.05.1999
5,72;03.05.1999
5,72;30.04.1999
5,72;29.04.1999
5,72;28.04.1999
5,72;27.04.1999
5,72;26.04.1999
5,76;23.04.1999
5,75;22.04.1999
5,75;21.04.1999
5,75;20.04.1999
5,75;19.04.1999
5,75;16.04.1999
5,74;15.04.1999
5,74;14.04.1999
5,74;13.04.1999
5,74;12.04.1999
5,74;09.04.1999
5,69;08.04.1999
5,69;07.04.1999
5,69;06.04.1999
5,69;05.04.1999
5,69;02.04.1999
5,69;01.04.1999
5,69;31.03.1999
5,69;30.03.1999
5,69;29.03.1999
5,73;26.03.1999
5,65;25.03.1999
5,65;24.03.1999
5,65;23.03.1999
5,65;22.03.1999
5,68;19.03.1999
5,68;18.03.1999
5,68;17.03.1999
5,72;16.03.1999
5,72;15.03.1999
5,72;12.03.1999
5,67;11.03.1999
5,67;10.03.1999
5,67;09.03.1999
5,67;08.03.1999
5,71;05.03.1999
5,67;04.03.1999
5,67;03.03.1999
5,67;02.03.1999
5,67;01.03.1999
5,67;26.02.1999
5,67;25.02.1999
5,67;24.02.1999
5,7;23.02.1999
5,7;22.02.1999
5,7;19.02.1999
5,68;18.02.1999
5,68;17.02.1999
5,68;16.02.1999
5,68;15.02.1999
5,68;12.02.1999
5,68;11.02.1999
5,68;10.02.1999
5,68;09.02.1999
5,68;08.02.1999
5,68;05.02.1999
5,67;04.02.1999
5,67;03.02.1999
5,67;02.02.1999
5,67;01.02.1999
5,67;29.01.1999
5,67;28.01.1999
5,67;27.01.1999
5,67;26.01.1999
5,67;25.01.1999
5,67;22.01.1999
5,67;21.01.1999
5,67;20.01.1999
5,67;19.01.1999
5,67;18.01.1999
5,67;15.01.1999
5,65;14.01.1999
5,65;13.01.1999
5,65;12.01.1999
5,65;11.01.1999
5,65;08.01.1999
5,65;07.01.1999
5,65;06.01.1999
5,65;05.01.1999
5,65;04.01.1999
5,65;31.12.1998
5,65;30.12.1998
5,65;29.12.1998
5,65;28.12.1998
5,65;25.12.1998
5,65;24.12.1998
5,64;23.12.1998
5,64;22.12.1998
5,64;21.12.1998
5,64;18.12.1998
5,64;17.12.1998
5,64;16.12.1998
5,64;15.12.1998
5,64;14.12.1998
5,64;11.12.1998
5,64;10.12.1998
5,64;09.12.1998
5,64;08.12.1998
5,64;07.12.1998
5,64;04.12.1998
5,63;03.12.1998
5,63;02.12.1998
5,63;01.12.1998
5,63;30.11.1998
5,63;27.11.1998
5,63;26.11.1998
5,63;25.11.1998
5,63;24.11.1998
5,63;23.11.1998
5,63;20.11.1998
5,62;19.11.1998
5,62;18.11.1998
5,62;17.11.1998
5,62;16.11.1998
5,62;13.11.1998
5,61;12.11.1998
5,61;11.11.1998
5,61;10.11.1998
5,61;09.11.1998
5,61;06.11.1998
5,61;05.11.1998
5,61;04.11.1998
5,61;03.11.1998
5,61;02.11.1998
5,61;30.10.1998
5,61;29.10.1998
5,61;28.10.1998
5,61;27.10.1998
5,61;26.10.1998
5,61;23.10.1998
5,59;22.10.1998
5,59;21.10.1998
5,59;20.10.1998
5,59;19.10.1998
5,59;16.10.1998
5,6;15.10.1998
5,6;14.10.1998
5,6;13.10.1998
5,6;12.10.1998
5,6;09.10.1998
5,59;08.10.1998
5,59;07.10.1998
5,59;06.10.1998
5,59;05.10.1998
5,59;02.10.1998
5,57;01.10.1998
5,57;30.09.1998
5,57;29.09.1998
5,57;28.09.1998
5,57;25.09.1998
5,57;24.09.1998
5,57;23.09.1998
5,57;22.09.1998
5,57;21.09.1998
5,57;18.09.1998
5,57;17.09.1998
5,57;16.09.1998
5,57;15.09.1998
5,57;14.09.1998
5,57;11.09.1998
5,58;10.09.1998
5,58;09.09.1998
5,58;08.09.1998
5,58;07.09.1998
5,58;04.09.1998
5,58;03.09.1998
5,56;02.09.1998
5,56;01.09.1998
5,56;31.08.1998
5,56;28.08.1998
5,55;27.08.1998
5,55;26.08.1998
5,55;25.08.1998
5,55;24.08.1998
5,55;21.08.1998
5,55;20.08.1998
5,55;19.08.1998
5,55;18.08.1998
5,55;17.08.1998
5,55;14.08.1998
5,55;13.08.1998
5,55;12.08.1998
5,55;11.08.1998
5,55;10.08.1998
5,55;07.08.1998
5,55;06.08.1998
5,55;05.08.1998
5,55;04.08.1998
5,55;03.08.1998
5,55;31.07.1998
5,55;30.07.1998
5,55;29.07.1998
5,55;28.07.1998
5,55;27.07.1998
5,55;24.07.1998
5,54;23.07.1998
5,54;22.07.1998
5,54;21.07.1998
5,54;20.07.1998
5,54;17.07.1998
5,54;16.07.1998
5,54;15.07.1998
5,54;14.07.1998
5,54;13.07.1998
5,54;10.07.1998
5,53;09.07.1998
5,53;08.07.1998
5,53;07.07.1998
5,53;06.07.1998
5,53;03.07.1998
5,53;02.07.1998
5,53;01.07.1998
5,53;30.06.1998
5,53;29.06.1998
5,53;26.06.1998
5,52;25.06.1998
5,52;24.06.1998
5,52;23.06.1998
5,52;22.06.1998
5,52;19.06.1998
5,51;18.06.1998
5,51;17.06.1998
5,51;16.06.1998
5,51;15.06.1998
5,51;12.06.1998
5,51;11.06.1998
5,51;10.06.1998
5,51;09.06.1998
5,51;08.06.1998
5,51;05.06.1998
5,51;04.06.1998
5,51;03.06.1998
5,51;02.06.1998
5,51;01.06.1998
5,51;29.05.1998
5,51;28.05.1998
5,51;27.05.1998
5,51;26.05.1998
5,51;25.05.1998
5,51;22.05.1998
5,5;21.05.1998
5,5;20.05.1998
5,5;19.05.1998
5,5;18.05.1998
5,5;15.05.1998
5,49;14.05.1998
5,49;13.05.1998
5,49;12.05.1998
5,49;11.05.1998
5,49;08.05.1998
5,49;07.05.1998
5,49;06.05.1998
5,49;05.05.1998
5,49;04.05.1998
5,49;01.05.1998
5,49;30.04.1998
5,49;29.04.1998
5,49;28.04.1998
5,49;27.04.1998
5,49;24.04.1998
5,48;23.04.1998
5,48;22.04.1998
5,48;21.04.1998
5,48;20.04.1998
5,48;17.04.1998
5,47;16.04.1998
5,47;15.04.1998
5,47;14.04.1998
5,47;13.04.1998
5,47;10.04.1998
5,47;09.04.1998
5,48;08.04.1998
5,48;07.04.1998
5,48;06.04.1998
5,48;03.04.1998
5,48;02.04.1998
5,48;01.04.1998
5,48;31.03.1998
5,48;30.03.1998
5,48;27.03.1998
5,45;26.03.1998
5,45;25.03.1998
5,45;24.03.1998
5,45;23.03.1998
5,45;20.03.1998
5,44;19.03.1998
5,44;18.03.1998
5,44;17.03.1998
5,44;16.03.1998
5,44;13.03.1998
5,43;12.03.1998
5,43;11.03.1998
5,43;10.03.1998
5,43;09.03.1998
5,43;06.03.1998
5,42;05.03.1998
5,42;04.03.1998
5,42;03.03.1998
5,42;02.03.1998
5,42;27.02.1998
5,42;26.02.1998
5,42;25.02.1998
5,42;24.02.1998
5,42;23.02.1998
5,42;20.02.1998
5,41;19.02.1998
5,41;18.02.1998
5,41;17.02.1998
5,41;16.02.1998
5,41;13.02.1998
5,4;12.02.1998
5,4;11.02.1998
5,4;10.02.1998
5,4;09.02.1998
5,4;06.02.1998
5,39;05.02.1998
5,39;04.02.1998
5,39;03.02.1998
5,39;02.02.1998
5,39;30.01.1998
5,39;29.01.1998
5,39;28.01.1998
5,39;27.01.1998
5,39;26.01.1998
5,39;23.01.1998
5,39;22.01.1998
5,39;21.01.1998
5,39;20.01.1998
5,39;19.01.1998
5,39;16.01.1998
5,38;15.01.1998
5,38;14.01.1998
5,38;13.01.1998
5,38;12.01.1998
5,38;09.01.1998
5,38;08.01.1998
5,38;07.01.1998
5,38;06.01.1998
5,38;05.01.1998
5,38;02.01.1998
